t_stamp,feature_9,feature_10_ext_metric
2025-02-14 17:00:00,0.5884400268259586,1.4949552893089388
2025-02-14 17:15:00,0.5858745473292634,1.505381786988648
2025-02-14 17:30:00,0.58978356571411,1.5089973375068475
2025-02-14 17:45:00,0.6029651306442395,1.5116408308892526
2025-02-14 18:00:00,0.6025274973182644,1.5152736764586934
2025-02-14 18:15:00,0.6051146783983203,1.5289241360146553
2025-02-14 18:30:00,0.6048196139296581,1.5250962878351912
2025-02-14 18:45:00,0.6144568137109582,1.535646571453584
2025-02-14 19:00:00,0.6125069592010619,1.5406100322450818
2025-02-14 19:15:00,0.61426120109406,1.5439861582680112
2025-02-14 19:30:00,0.6102361187260124,1.5418662985159561
2025-02-14 19:45:00,0.6131129406179405,1.540910007007604
2025-02-14 20:00:00,0.6152672404622854,1.5363680517837035
2025-02-14 20:15:00,0.616842514788109,1.530667989769743
2025-02-14 20:30:00,0.6173964559799127,1.5342521874962254
2025-02-14 20:45:00,0.619089968227551,1.5252220486845691
2025-02-14 21:00:00,0.6203884053638196,1.5135990496825498
2025-02-14 21:15:00,0.623598090053581,1.5136445864825887
2025-02-14 21:30:00,0.6221002746257593,1.5104658877505912
2025-02-14 21:45:00,0.6310394995654285,1.5139651954201172
2025-02-14 22:00:00,0.6292781040538613,1.495508800643072
2025-02-14 22:15:00,0.6244321042089761,1.4988815444887713
2025-02-14 22:30:00,0.6218613743767157,1.4897915214208237
2025-02-14 22:45:00,0.6212555436862119,1.483477047484132
2025-02-14 23:00:00,0.6207942858392881,1.4811165806763609
2025-02-14 23:15:00,0.6199006100930857,1.479774161263932
2025-02-14 23:30:00,0.6211129687915611,1.467540490402829
2025-02-14 23:45:00,0.6193042115871217,1.474573473609119
2025-02-15 00:00:00,0.6190824807513822,1.466479540309443
2025-02-15 00:15:00,0.6221373673853976,1.4526601390880773
2025-02-15 00:30:00,0.6181111357634443,1.4413693588090877
2025-02-15 00:45:00,0.6140250421877917,1.4419935426286052
2025-02-15 01:00:00,0.6137085492489166,1.4325159163000962
2025-02-15 01:15:00,0.6082807534538235,1.4520729215584738
2025-02-15 01:30:00,0.6095181856350405,1.440278629216439
2025-02-15 01:45:00,0.6113733792369919,1.4407686833235047
2025-02-15 02:00:00,0.6058811811736984,1.4105498688787983
2025-02-15 02:15:00,0.6024893459830648,1.4189199228307159
2025-02-15 02:30:00,0.6051233329177572,1.4195886085062965
2025-02-15 02:45:00,0.6058010705650991,1.429082268707757
2025-02-15 03:00:00,0.5979709271630427,1.4297218006292178
2025-02-15 03:15:00,0.5932070082409959,1.4310172415897127
2025-02-15 03:30:00,0.5935393258134594,1.4454011320604867
2025-02-15 03:45:00,0.5826917450671033,1.4352527067562049
2025-02-15 04:00:00,0.5755095960979888,1.416800824183243
2025-02-15 04:15:00,0.570558738339449,1.4251960546725269
2025-02-15 04:30:00,0.5726172796624334,1.4291774198716773
2025-02-15 04:45:00,0.5759504283982211,1.4230349576102754
2025-02-15 05:00:00,0.5715355557924318,1.4169148850520539
2025-02-15 05:15:00,0.5740179643145981,1.4141063776953235
2025-02-15 05:30:00,0.5782022206859199,1.4168062893579814
2025-02-15 05:45:00,0.5767327711996619,1.412259784280847
2025-02-15 06:00:00,0.5790184409440893,1.4183971736224024
2025-02-15 06:15:00,0.5786617022778269,1.4212231064107317
2025-02-15 06:30:00,0.5739011551436903,1.433320547532535
2025-02-15 06:45:00,0.5723242871901135,1.4362131068748285
2025-02-15 07:00:00,0.5687897211964308,1.4360793436811843
2025-02-15 07:15:00,0.5653077300028672,1.4195585673811837
2025-02-15 07:30:00,0.563086444154414,1.410612986523787
2025-02-15 07:45:00,0.5639759301418058,1.4081104023538018
2025-02-15 08:00:00,0.5648662058069878,1.4156970633551629
2025-02-15 08:15:00,0.5658528130802076,1.4157976487112192
2025-02-15 08:30:00,0.5636632642231694,1.407824784686144
2025-02-15 08:45:00,0.5613576498643839,1.4312600433609233
2025-02-15 09:00:00,0.5571132784604688,1.4304186176754574
2025-02-15 09:15:00,0.5569775920002044,1.428950460370296
2025-02-15 09:30:00,0.5598601309179729,1.4295802087270308
2025-02-15 09:45:00,0.5622799699423697,1.4443074299787801
2025-02-15 10:00:00,0.5605404479650914,1.4365618515861547
2025-02-15 10:15:00,0.5625072978369169,1.4510769326979924
2025-02-15 10:30:00,0.5597513167892284,1.4386275784116997
2025-02-15 10:45:00,0.5541336171673529,1.429170950686626
2025-02-15 11:00:00,0.5531796865616474,1.447639838023446
2025-02-15 11:15:00,0.5566039552943604,1.4547360588554576
2025-02-15 11:30:00,0.5574530162875063,1.4526127921273078
2025-02-15 11:45:00,0.5604500618889633,1.4429204518936234
2025-02-15 12:00:00,0.5549956430828469,1.4563097079086138
2025-02-15 12:15:00,0.5575338037347343,1.4674988904847863
2025-02-15 12:30:00,0.5552394445340184,1.4676463354499087
2025-02-15 12:45:00,0.5578713624399944,1.480760683286847
2025-02-15 13:00:00,0.5602129239730472,1.4703547562960577
2025-02-15 13:15:00,0.5649999609248454,1.4710521265755208
2025-02-15 13:30:00,0.567195943864824,1.4834785969846076
2025-02-15 13:45:00,0.5658544774377925,1.4877905367893298
2025-02-15 14:00:00,0.5731404856259832,1.485685437330641
2025-02-15 14:15:00,0.5722772490888948,1.4916397543499844
2025-02-15 14:30:00,0.5718474372821565,1.4881778285209495
2025-02-15 14:45:00,0.5782980444332328,1.4827993188093334
2025-02-15 15:00:00,0.5762776599867194,1.4850630141654775
2025-02-15 15:15:00,0.575974615052335,1.4889160228631197
2025-02-15 15:30:00,0.5775918205493947,1.4777451114678
2025-02-15 15:45:00,0.5840618393341056,1.4752902152458753
2025-02-15 16:00:00,0.5868347191528329,1.4830589622675432
2025-02-15 16:15:00,0.588200809874864,1.4926901905748209
2025-02-15 16:30:00,0.596455135797674,1.4963508169837538
2025-02-15 16:45:00,0.5957856308102372,1.4942219168384971
2025-02-15 17:00:00,0.6002821746038592,1.4999052370601644
2025-02-15 17:15:00,0.6009117891310981,1.5072700970399688
2025-02-15 17:30:00,0.5997606489816815,1.5040676631366159
2025-02-15 17:45:00,0.5973176254496578,1.5089548528808445
2025-02-15 18:00:00,0.5999643467655366,1.5190908271648786
2025-02-15 18:15:00,0.6017118155736408,1.5142966305690166
2025-02-15 18:30:00,0.6052308740387717,1.512064691900678
2025-02-15 18:45:00,0.5956184297284893,1.5397247872273445
2025-02-15 19:00:00,0.597899563981354,1.5332284264100244
2025-02-15 19:15:00,0.6000763655213294,1.5269845717555248
2025-02-15 19:30:00,0.6008524517105377,1.523979480911341
2025-02-15 19:45:00,0.5974838947703911,1.5327911539406107
2025-02-15 20:00:00,0.5993030111784317,1.527456842760934
2025-02-15 20:15:00,0.6051171648170072,1.5137633155877153
2025-02-15 20:30:00,0.6044057913109692,1.4972165559314097
2025-02-15 20:45:00,0.5997887761327162,1.5095846191723905
2025-02-15 21:00:00,0.6027404449271734,1.507357765681346
2025-02-15 21:15:00,0.5995794536510579,1.509171021646188
2025-02-15 21:30:00,0.5978437534275242,1.5152152336972062
2025-02-15 21:45:00,0.6023846604521275,1.5117046070747329
2025-02-15 22:00:00,0.6008565899180432,1.5182986404589467
2025-02-15 22:15:00,0.5983686325889447,1.5100415018070674
2025-02-15 22:30:00,0.5984322595264131,1.4960396948571966
2025-02-15 22:45:00,0.59546983207264,1.4981956338713012
2025-02-15 23:00:00,0.5988218629294484,1.4938225281916582
2025-02-15 23:15:00,0.5935697469761608,1.4989623089464563
2025-02-15 23:30:00,0.5896237691554899,1.486310864489794
2025-02-15 23:45:00,0.5934448336293986,1.5074496355843288
2025-02-16 00:00:00,0.5912011271331472,1.4946100191220277
2025-02-16 00:15:00,0.5954040742464967,1.4957979499240404
2025-02-16 00:30:00,0.5903803555624526,1.493214519440564
2025-02-16 00:45:00,0.5900385838447391,1.4912128809180263
2025-02-16 01:00:00,0.585128897360058,1.4886830970393854
2025-02-16 01:15:00,0.5830790704804012,1.4582634072647458
2025-02-16 01:30:00,0.5876490066676212,1.4392759938739998
2025-02-16 01:45:00,0.597420331039201,1.4437489227613984
2025-02-16 02:00:00,0.5977542725364279,1.4351944173681677
2025-02-16 02:15:00,0.5916590422426591,1.4356287479005119
2025-02-16 02:30:00,0.5941207950479784,1.4169767555289647
2025-02-16 02:45:00,0.5928582550983739,1.427336963172614
2025-02-16 03:00:00,0.5953225104136615,1.427064414471351
2025-02-16 03:15:00,0.5960869600081014,1.4228889895839456
2025-02-16 03:30:00,0.5883521891838771,1.4167393718669623
2025-02-16 03:45:00,0.5822755920662331,1.415579366420671
2025-02-16 04:00:00,0.5756749568555286,1.407269983728292
2025-02-16 04:15:00,0.5779211668744748,1.4021734653216007
2025-02-16 04:30:00,0.5719474326631044,1.4006453979531648
2025-02-16 04:45:00,0.5688809890941718,1.400289609937936
2025-02-16 05:00:00,0.5668783428158869,1.3942435392596193
2025-02-16 05:15:00,0.5702979382093096,1.3852452688305172
2025-02-16 05:30:00,0.5730625135925342,1.3917520344187628
2025-02-16 05:45:00,0.5748507733971414,1.3805440586040207
2025-02-16 06:00:00,0.5761981604669112,1.3768506638101117
2025-02-16 06:15:00,0.5706410158171866,1.3779771449777376
2025-02-16 06:30:00,0.5699613872540963,1.3719529616118904
2025-02-16 06:45:00,0.5646211838588586,1.384188316910708
2025-02-16 07:00:00,0.5655982913043274,1.381572053045394
2025-02-16 07:15:00,0.563546497018218,1.3862083818094186
2025-02-16 07:30:00,0.5652641143307008,1.3926877021769
2025-02-16 07:45:00,0.5617105363145161,1.3946045838866046
2025-02-16 08:00:00,0.5614829241812213,1.3985825533736274
2025-02-16 08:15:00,0.5575699176101033,1.4056147380377597
2025-02-16 08:30:00,0.5594757384712299,1.4019987179836622
2025-02-16 08:45:00,0.5629312466651906,1.3886602662677716
2025-02-16 09:00:00,0.5568412218108827,1.4015005396216225
2025-02-16 09:15:00,0.5607174464486319,1.404897838711555
2025-02-16 09:30:00,0.5498208187091057,1.4114083942218931
2025-02-16 09:45:00,0.5523874139651608,1.421073628904411
2025-02-16 10:00:00,0.5540861354729115,1.4156132833094701
2025-02-16 10:15:00,0.5532600736397439,1.4148139347522666
2025-02-16 10:30:00,0.5522827302829318,1.4087911941991225
2025-02-16 10:45:00,0.5544572724375696,1.4062725649217522
2025-02-16 11:00:00,0.5537361890690954,1.4011721277797673
2025-02-16 11:15:00,0.554023877305308,1.4146490360009136
2025-02-16 11:30:00,0.5493624618306938,1.405475276832474
2025-02-16 11:45:00,0.5476584596721691,1.411512711049636
2025-02-16 12:00:00,0.5464475226462415,1.411134788127362
2025-02-16 12:15:00,0.5550266953019147,1.4170801104263133
2025-02-16 12:30:00,0.5559177841219445,1.4121329946517263
2025-02-16 12:45:00,0.5568530277505667,1.4240215183236098
2025-02-16 13:00:00,0.5541502908999087,1.4205460284151317
2025-02-16 13:15:00,0.556682749590909,1.4250333901126018
2025-02-16 13:30:00,0.5540078027184792,1.4255843192896989
2025-02-16 13:45:00,0.5578239770625525,1.4258061024563566
2025-02-16 14:00:00,0.5637708019076669,1.4299387207092547
2025-02-16 14:15:00,0.5703508897210535,1.4498549908797693
2025-02-16 14:30:00,0.5833924462167229,1.4545358032358737
2025-02-16 14:45:00,0.5789808378722947,1.4671206116677102
2025-02-16 15:00:00,0.5798248539599227,1.4642780613996733
2025-02-16 15:15:00,0.5855755708458744,1.4644276960513585
2025-02-16 15:30:00,0.5814247005937028,1.4785498465927454
2025-02-16 15:45:00,0.5833142608949325,1.4781744324945323
2025-02-16 16:00:00,0.5856921161363751,1.4987426841658116
2025-02-16 16:15:00,0.584536429592632,1.500859775105342
2025-02-16 16:30:00,0.5827910824120613,1.5070132898296833
2025-02-16 16:45:00,0.5823593373090838,1.4990822046657895
2025-02-16 17:00:00,0.5847299689976543,1.5039497882412352
2025-02-16 17:15:00,0.5835634535679239,1.4971787064158382
2025-02-16 17:30:00,0.5798566552425837,1.4949615925693556
2025-02-16 17:45:00,0.5839792534373733,1.5122319177450878
2025-02-16 18:00:00,0.5886500338806051,1.5351009799606703
2025-02-16 18:15:00,0.5892494601063881,1.5326291470582316
2025-02-16 18:30:00,0.5898795346735974,1.5351888752462204
2025-02-16 18:45:00,0.5940742752039664,1.536672443796098
2025-02-16 19:00:00,0.5938750484835608,1.5405746015984794
2025-02-16 19:15:00,0.5982483316037104,1.526832592353058
2025-02-16 19:30:00,0.603662869987598,1.5282711528679127
2025-02-16 19:45:00,0.6028840095139245,1.5196153608644856
2025-02-16 20:00:00,0.6128878333260731,1.5167029670966659
2025-02-16 20:15:00,0.6123531439784565,1.5258730151703639
2025-02-16 20:30:00,0.6090897783221918,1.5236203272297504
2025-02-16 20:45:00,0.6047386715542946,1.518710476937483
2025-02-16 21:00:00,0.6146281176529944,1.5113872593727344
2025-02-16 21:15:00,0.6093128155240208,1.5173100275425437
2025-02-16 21:30:00,0.6135047618483805,1.5210691081525676
2025-02-16 21:45:00,0.6099691024201592,1.5101745839661378
2025-02-16 22:00:00,0.620295697869812,1.5059302528548306
2025-02-16 22:15:00,0.6244310339494545,1.5164617854890117
2025-02-16 22:30:00,0.6215455760276409,1.5109976504640652
2025-02-16 22:45:00,0.6172473356253,1.5197733900997121
2025-02-16 23:00:00,0.6188768639919959,1.4958401716946286
2025-02-16 23:15:00,0.6185765408844419,1.489725448812879
2025-02-16 23:30:00,0.6049506359789393,1.4952657881327878
2025-02-16 23:45:00,0.6038092669522819,1.4881059482436512
2025-02-17 00:00:00,0.6003709567661925,1.495956261039666
2025-02-17 00:15:00,0.6005784895344983,1.4948677335413416
2025-02-17 00:30:00,0.595755056501938,1.4963765508479643
2025-02-17 00:45:00,0.600611570034428,1.499182348463216
2025-02-17 01:00:00,0.6004507850735492,1.4923640674656669
2025-02-17 01:15:00,0.5999516438480799,1.484869382793881
2025-02-17 01:30:00,0.5975710243967586,1.4739691674599789
2025-02-17 01:45:00,0.5907679999026925,1.4604383995205756
2025-02-17 02:00:00,0.5895831733477097,1.453234531600632
2025-02-17 02:15:00,0.5861271294431502,1.4481541650728111
2025-02-17 02:30:00,0.5769876393147708,1.4386888888177112
2025-02-17 02:45:00,0.5727270760517525,1.4392989840080261
2025-02-17 03:00:00,0.5630018083230733,1.4414642621847922
2025-02-17 03:15:00,0.5570345174266997,1.4478761631945778
2025-02-17 03:30:00,0.5656409740682666,1.4375399523919195
2025-02-17 03:45:00,0.5698245981093594,1.4363244189683524
2025-02-17 04:00:00,0.5634741247630798,1.432372289031389
2025-02-17 04:15:00,0.5590709627128343,1.4310082059455693
2025-02-17 04:30:00,0.5605653572263718,1.438779035845993
2025-02-17 04:45:00,0.560544023319233,1.4338611228032583
2025-02-17 05:00:00,0.562048499181724,1.4296887711528214
2025-02-17 05:15:00,0.5565071264350142,1.4456826302964598
2025-02-17 05:30:00,0.5572681117720102,1.450189563085836
2025-02-17 05:45:00,0.5600775539297655,1.4343240709110583
2025-02-17 06:00:00,0.5669292171698542,1.4395590903489301
2025-02-17 06:15:00,0.568276452258243,1.4383642400800387
2025-02-17 06:30:00,0.5677182558950812,1.431886089609212
2025-02-17 06:45:00,0.5679389556113873,1.440134362129556
2025-02-17 07:00:00,0.5674437042089456,1.434401499366201
2025-02-17 07:15:00,0.5729061614796965,1.4313056594895395
2025-02-17 07:30:00,0.5652454544472386,1.4208964136214295
2025-02-17 07:45:00,0.568760913130317,1.4150811998136423
2025-02-17 08:00:00,0.5753476075222316,1.4212237698045216
2025-02-17 08:15:00,0.572382443201904,1.4198488893342707
2025-02-17 08:30:00,0.5703769237882117,1.4170146095056877
2025-02-17 08:45:00,0.5749023104472711,1.416099679585519
2025-02-17 09:00:00,0.5691132406060475,1.4174748099151582
2025-02-17 09:15:00,0.5668705761813904,1.4119487013918997
2025-02-17 09:30:00,0.5633250488660623,1.4127296056759733
2025-02-17 09:45:00,0.5608661964038294,1.408013050059885
2025-02-17 10:00:00,0.5597952981860147,1.4143170701215881
2025-02-17 10:15:00,0.5595677146884637,1.4101767961145397
2025-02-17 10:30:00,0.5538254822427453,1.4086493644679698
2025-02-17 10:45:00,0.5600358578140875,1.4261677107934674
2025-02-17 11:00:00,0.5565978102386734,1.4337873576955134
2025-02-17 11:15:00,0.5556976567755041,1.4389739079472608
2025-02-17 11:30:00,0.5567097871651435,1.4232268233793657
2025-02-17 11:45:00,0.5575594488462596,1.434879998179992
2025-02-17 12:00:00,0.5631973854924671,1.4306786212465168
2025-02-17 12:15:00,0.5600866911714972,1.4275279865535067
2025-02-17 12:30:00,0.5613572171535229,1.4337734938469022
2025-02-17 12:45:00,0.5663365293771567,1.4373852457781844
2025-02-17 13:00:00,0.5679847491336706,1.4366922778949025
2025-02-17 13:15:00,0.5675982433491835,1.4382978869423517
2025-02-17 13:30:00,0.5694501069751398,1.4438199615344198
2025-02-17 13:45:00,0.5714500989526233,1.4474759046260632
2025-02-17 14:00:00,0.5719181071629484,1.4559493121698461
2025-02-17 14:15:00,0.5703416135662261,1.453096740255014
2025-02-17 14:30:00,0.570601787451775,1.4614016232991285
2025-02-17 14:45:00,0.5685219047918995,1.4626540972172826
2025-02-17 15:00:00,0.5745389090939638,1.4740970270222105
2025-02-17 15:15:00,0.5781248963497785,1.4712379099383066
2025-02-17 15:30:00,0.5836041893998133,1.4712259874597338
2025-02-17 15:45:00,0.5863252314571517,1.4636538629521023
2025-02-17 16:00:00,0.5860135048335795,1.485062146577024
2025-02-17 16:15:00,0.5910817913488495,1.4838262061781478
2025-02-17 16:30:00,0.6016254566736918,1.4804342296217723
2025-02-17 16:45:00,0.6055397283493442,1.4891483104165284
2025-02-17 17:00:00,0.605803065897242,1.4918203019713128
2025-02-17 17:15:00,0.6096723788097964,1.4978679689650265
2025-02-17 17:30:00,0.6123774500147794,1.5037507817698468
2025-02-17 17:45:00,0.618172973657921,1.5054086975704264
2025-02-17 18:00:00,0.616646428609192,1.5174110922957276
2025-02-17 18:15:00,0.6193167381328658,1.5158464290397835
2025-02-17 18:30:00,0.6229067209811525,1.5322372291369117
2025-02-17 18:45:00,0.6213807940846541,1.53157522396249
2025-02-17 19:00:00,0.6225071775317089,1.532772169201207
2025-02-17 19:15:00,0.613925044455425,1.5331130644253945
2025-02-17 19:30:00,0.6167385766969832,1.5238196776320452
2025-02-17 19:45:00,0.6182484736048903,1.5367194552834387
2025-02-17 20:00:00,0.6175877261666635,1.5379957593156253
2025-02-17 20:15:00,0.6129813992402057,1.537644504282086
2025-02-17 20:30:00,0.6199247058925503,1.537220069547866
2025-02-17 20:45:00,0.6177783269220375,1.5347520910716186
2025-02-17 21:00:00,0.6168929444119655,1.5353116765476942
2025-02-17 21:15:00,0.620582943934585,1.5195205177652313
2025-02-17 21:30:00,0.6211490059412659,1.5223400567385557
2025-02-17 21:45:00,0.623081153868059,1.529000828837272
2025-02-17 22:00:00,0.6282032634288699,1.5325657609415024
2025-02-17 22:15:00,0.6352556305219517,1.518193931248974
2025-02-17 22:30:00,0.6331364646422672,1.5148238821541398
2025-02-17 22:45:00,0.6297187626623162,1.5252822314373082
2025-02-17 23:00:00,0.6298301979827559,1.5310470565752656
2025-02-17 23:15:00,0.6328449132673872,1.5332671738338544
2025-02-17 23:30:00,0.6306571757214907,1.5217618163280162
2025-02-17 23:45:00,0.62664018712604,1.4990913937204269
2025-02-18 00:00:00,0.6211701061450325,1.4813567255976552
2025-02-18 00:15:00,0.6156489421178766,1.471571924057857
2025-02-18 00:30:00,0.6116075967889649,1.4597272335965052
2025-02-18 00:45:00,0.609290787679381,1.4525000558039323
2025-02-18 01:00:00,0.6078655062613201,1.429674572412975
2025-02-18 01:15:00,0.6007690540923797,1.43472768423102
2025-02-18 01:30:00,0.5951538273359805,1.4260631344202732
2025-02-18 01:45:00,0.5940232309318954,1.44407722630278
2025-02-18 02:00:00,0.5945650267140974,1.4439934547185465
2025-02-18 02:15:00,0.5963236603936025,1.44330421260744
2025-02-18 02:30:00,0.5963457444288247,1.4388398177974824
2025-02-18 02:45:00,0.5870899537134905,1.4392602768401572
2025-02-18 03:00:00,0.5801063163768005,1.426708610466737
2025-02-18 03:15:00,0.5759305685544914,1.4237609382776377
2025-02-18 03:30:00,0.5802046308903802,1.4334744538560258
2025-02-18 03:45:00,0.5823570570787744,1.4339560933041617
2025-02-18 04:00:00,0.577692559187137,1.4399305852664976
2025-02-18 04:15:00,0.5732952547246194,1.436170494533971
2025-02-18 04:30:00,0.5743341303775255,1.4288486607613102
2025-02-18 04:45:00,0.5717721080505378,1.425418486352582
2025-02-18 05:00:00,0.5716004519169613,1.4209568218957112
2025-02-18 05:15:00,0.5707690780225956,1.4251275153818823
2025-02-18 05:30:00,0.5669434810234634,1.4189034330568522
2025-02-18 05:45:00,0.558636418256605,1.4181778582148838
2025-02-18 06:00:00,0.5593895062136054,1.4117962363410188
2025-02-18 06:15:00,0.5548977027430252,1.4177587505953415
2025-02-18 06:30:00,0.5538059156606551,1.412887714837025
2025-02-18 06:45:00,0.5538330426828996,1.4120652034097871
2025-02-18 07:00:00,0.5503200888939125,1.396701375203809
2025-02-18 07:15:00,0.5521631744312256,1.3919133217241255
2025-02-18 07:30:00,0.5526455097612054,1.4005506966538857
2025-02-18 07:45:00,0.5509802309996651,1.400457484102703
2025-02-18 08:00:00,0.5422699702682087,1.3959815855122863
2025-02-18 08:15:00,0.5511715367947649,1.3882195146946559
2025-02-18 08:30:00,0.5589804441555168,1.3822709064303553
2025-02-18 08:45:00,0.5677328935396669,1.3895001909623148
2025-02-18 09:00:00,0.5683704353631137,1.4041738986145564
2025-02-18 09:15:00,0.5691761823295374,1.3936176263129523
2025-02-18 09:30:00,0.5704553551180616,1.3994099895552783
2025-02-18 09:45:00,0.5743466513896517,1.3965712464084967
2025-02-18 10:00:00,0.5664340455081844,1.3974892588262262
2025-02-18 10:15:00,0.5649596462121804,1.4085958911450878
2025-02-18 10:30:00,0.5664596168248683,1.4162768081261405
2025-02-18 10:45:00,0.5692141775376148,1.4181071172866395
2025-02-18 11:00:00,0.5713600254466115,1.41347403648213
2025-02-18 11:15:00,0.5655547561268246,1.409610561736686
2025-02-18 11:30:00,0.5614058601765227,1.4250901410662546
2025-02-18 11:45:00,0.5641556678824045,1.448361683539119
2025-02-18 12:00:00,0.5701106357901652,1.4557670752762808
2025-02-18 12:15:00,0.5713217611095575,1.4555065209208553
2025-02-18 12:30:00,0.5742827039014744,1.4717972251313325
2025-02-18 12:45:00,0.5742009241161765,1.4763064764023872
2025-02-18 13:00:00,0.5833012229802036,1.4781194413266026
2025-02-18 13:15:00,0.5864411804353705,1.4850403306709332
2025-02-18 13:30:00,0.5812413081645644,1.4764138317164006
2025-02-18 13:45:00,0.5838353871794747,1.4779151153920558
2025-02-18 14:00:00,0.5888426435781453,1.4757077321693288
2025-02-18 14:15:00,0.5881173537140691,1.4721820953307434
2025-02-18 14:30:00,0.585309089641081,1.4929382652105394
2025-02-18 14:45:00,0.5847167259008287,1.4912730291675589
2025-02-18 15:00:00,0.5867088529165151,1.4970281418285896
2025-02-18 15:15:00,0.5879131232164934,1.508245644089803
2025-02-18 15:30:00,0.586469252553219,1.5155785970989615
2025-02-18 15:45:00,0.5880620145764175,1.5160637475841139
2025-02-18 16:00:00,0.5852256086865035,1.517717625403533
2025-02-18 16:15:00,0.5873549180041848,1.5133810055603947
2025-02-18 16:30:00,0.5966135710932734,1.496505953629561
2025-02-18 16:45:00,0.596276481876017,1.4989331719566827
2025-02-18 17:00:00,0.5980105243445765,1.5094136572943537
2025-02-18 17:15:00,0.599673835679498,1.5116728747681663
2025-02-18 17:30:00,0.5965412971638994,1.5033033362345016
2025-02-18 17:45:00,0.5990217397173088,1.4899164645520984
2025-02-18 18:00:00,0.6006345357982754,1.4941227266669266
2025-02-18 18:15:00,0.6038167820455806,1.4920408353400707
2025-02-18 18:30:00,0.6082998947463024,1.490077886007165
2025-02-18 18:45:00,0.6075326225090172,1.5041745180865123
2025-02-18 19:00:00,0.6085454054397527,1.5085264147703448
2025-02-18 19:15:00,0.6053820153281627,1.5123479172529992
2025-02-18 19:30:00,0.5951565504114906,1.510574880275308
2025-02-18 19:45:00,0.6006068291474888,1.5123506437513023
2025-02-18 20:00:00,0.6030047336179959,1.5048767936564595
2025-02-18 20:15:00,0.6018887105644491,1.503118821925337
2025-02-18 20:30:00,0.6026946014733995,1.5134881623238885
2025-02-18 20:45:00,0.6023809277469004,1.4910385097107723
2025-02-18 21:00:00,0.6341678241331925,1.4854436582140793
2025-02-18 21:15:00,0.6342521811361848,1.5057018326776581
2025-02-18 21:30:00,0.632913954399226,1.4929793923466526
2025-02-18 21:45:00,0.6396874497395071,1.4916912848092798
2025-02-18 22:00:00,0.633316467805422,1.4955653970007479
2025-02-18 22:15:00,0.6343252702185911,1.4859336451553546
2025-02-18 22:30:00,0.6379914826062802,1.4724718792885394
2025-02-18 22:45:00,0.6387869075088277,1.467032621285816
2025-02-18 23:00:00,0.6450034716391814,1.4629155717148719
2025-02-18 23:15:00,0.6467040501538435,1.4774835096900527
2025-02-18 23:30:00,0.6509337136411714,1.4751295429284408
2025-02-18 23:45:00,0.6540092166392125,1.482914796153268
2025-02-19 00:00:00,0.6533897895523515,1.4808217589103012
2025-02-19 00:15:00,0.6520616246502839,1.4671126508070127
2025-02-19 00:30:00,0.6530927341251757,1.4571037018957613
2025-02-19 00:45:00,0.6520751695067757,1.4618620305958425
2025-02-19 01:00:00,0.6546577293114788,1.449981990343746
2025-02-19 01:15:00,0.6511718466471506,1.443539966635184
2025-02-19 01:30:00,0.6575929339764207,1.442050517163233
2025-02-19 01:45:00,0.6558386073720193,1.424659622452948
2025-02-19 02:00:00,0.6518240224908747,1.4238330291436943
2025-02-19 02:15:00,0.647748568021022,1.4204138407754037
2025-02-19 02:30:00,0.6416931570773279,1.4058098893525306
2025-02-19 02:45:00,0.6453020912886791,1.4058723613489152
2025-02-19 03:00:00,0.6441832071360463,1.4031517405865979
2025-02-19 03:15:00,0.6474381076447072,1.392437131195702
2025-02-19 03:30:00,0.6385875486037836,1.3951644242011008
2025-02-19 03:45:00,0.6335917299872315,1.4027622213603235
2025-02-19 04:00:00,0.6311728682854695,1.398812170887296
2025-02-19 04:15:00,0.6274978704114884,1.3908377101943177
2025-02-19 04:30:00,0.6269097047618838,1.3805099213378553
2025-02-19 04:45:00,0.6250618840844513,1.3952494124640242
2025-02-19 05:00:00,0.6250249395892185,1.3934961251132438
2025-02-19 05:15:00,0.6176285488294416,1.397886539025008
2025-02-19 05:30:00,0.6178701743615169,1.3987116159652164
2025-02-19 05:45:00,0.6151356258130297,1.400321941746839
2025-02-19 06:00:00,0.611904808348826,1.4182664698375087
2025-02-19 06:15:00,0.6096304708645619,1.4178805694036212
2025-02-19 06:30:00,0.6073866050242711,1.4130332648817892
2025-02-19 06:45:00,0.6001261638533557,1.4149646250186785
2025-02-19 07:00:00,0.5926896141409528,1.425847607853003
2025-02-19 07:15:00,0.5908199233002852,1.4441223424264955
2025-02-19 07:30:00,0.5920599692283436,1.433374975009798
2025-02-19 07:45:00,0.5902436383334343,1.437591186186943
2025-02-19 08:00:00,0.5871445060281841,1.4224662720366685
2025-02-19 08:15:00,0.585557579058387,1.4263816380589007
2025-02-19 08:30:00,0.5830399066161598,1.426097043257381
2025-02-19 08:45:00,0.5810221035074152,1.427628359837383
2025-02-19 09:00:00,0.5821627435634079,1.431300242164017
2025-02-19 09:15:00,0.5794132649124031,1.4334711567588014
2025-02-19 09:30:00,0.5841817420142843,1.4395646303376883
2025-02-19 09:45:00,0.5811943585474091,1.4480885018814817
2025-02-19 10:00:00,0.5743150844005329,1.4496664322171267
2025-02-19 10:15:00,0.5722417539313668,1.4442989601357143
2025-02-19 10:30:00,0.5687463849940255,1.4463915532633398
2025-02-19 10:45:00,0.5713991944894026,1.438655878168439
2025-02-19 11:00:00,0.5734325350818283,1.4495426798695117
2025-02-19 11:15:00,0.5789286953973395,1.461130133864014
2025-02-19 11:30:00,0.5827503708881011,1.463498137835092
2025-02-19 11:45:00,0.5838043354809519,1.464356537277686
2025-02-19 12:00:00,0.5886063009821434,1.4678701211104095
2025-02-19 12:15:00,0.5937848796232063,1.4547032366385424
2025-02-19 12:30:00,0.5879023770684711,1.4543992460576103
2025-02-19 12:45:00,0.5907527924438524,1.4426527460415275
2025-02-19 13:00:00,0.5864299275980507,1.455865004187158
2025-02-19 13:15:00,0.5845819060527443,1.4676729619632654
2025-02-19 13:30:00,0.5858736837657164,1.468703862966281
2025-02-19 13:45:00,0.5905062458447266,1.4688894314188439
2025-02-19 14:00:00,0.5914163519390732,1.479562051584089
2025-02-19 14:15:00,0.5959679479922613,1.4693753159695997
2025-02-19 14:30:00,0.5995019924651497,1.4691295142200131
2025-02-19 14:45:00,0.5997605801447831,1.4545446109576594
2025-02-19 15:00:00,0.6085125694076583,1.4533636284747031
2025-02-19 15:15:00,0.611705273938688,1.4551572619451103
2025-02-19 15:30:00,0.6115575478169534,1.457631950643246
2025-02-19 15:45:00,0.6189509411584049,1.459647262162697
2025-02-19 16:00:00,0.6216359832541694,1.4605446497566585
2025-02-19 16:15:00,0.6217482428759977,1.4694048748533883
2025-02-19 16:30:00,0.629671134782071,1.4767071844967714
2025-02-19 16:45:00,0.6306503834943897,1.4779858368943046
2025-02-19 17:00:00,0.6391334936085685,1.4755558314395985
2025-02-19 17:15:00,0.6308221935785001,1.4673097387669924
2025-02-19 17:30:00,0.627982813037889,1.4810924347206984
2025-02-19 17:45:00,0.6260342549850005,1.4756573500329262
2025-02-19 18:00:00,0.629021820530937,1.4786191079389144
2025-02-19 18:15:00,0.6303152490762886,1.4939686396199723
2025-02-19 18:30:00,0.6307218945661143,1.4957796747934606
2025-02-19 18:45:00,0.6336873800415562,1.4935347659300822
2025-02-19 19:00:00,0.6332948442600925,1.4907994678625807
2025-02-19 19:15:00,0.6334934915425684,1.4975401498597776
2025-02-19 19:30:00,0.6390486263721212,1.4913375345744146
2025-02-19 19:45:00,0.6412089715539369,1.4897948330069741
2025-02-19 20:00:00,0.6438721587481866,1.5016576095057612
2025-02-19 20:15:00,0.6427447710261324,1.52063530855238
2025-02-19 20:30:00,0.6484595576645438,1.5315114306746895
2025-02-19 20:45:00,0.6489475317316212,1.522982271418661
2025-02-19 21:00:00,0.6430905939073762,1.5318709292169665
2025-02-19 21:15:00,0.6439052339836968,1.5339486151949413
2025-02-19 21:30:00,0.6470704705044142,1.526662550753128
2025-02-19 21:45:00,0.6526830785151365,1.5184973897588232
2025-02-19 22:00:00,0.6434142056322184,1.5195974192047657
2025-02-19 22:15:00,0.638551157218253,1.5118798002299663
2025-02-19 22:30:00,0.650673430946418,1.5044451636593126
2025-02-19 22:45:00,0.6461136078541571,1.4923823988217282
2025-02-19 23:00:00,0.6399442759383537,1.489633245988511
2025-02-19 23:15:00,0.6406275044550276,1.4792054311831118
2025-02-19 23:30:00,0.6404516161689083,1.4631455656635755
2025-02-19 23:45:00,0.6441877837507344,1.4705397373979374
2025-02-20 00:00:00,0.6446030260063857,1.4687569983695143
2025-02-20 00:15:00,0.6411405406305049,1.462280386549027
2025-02-20 00:30:00,0.6367192980610915,1.4734138410897402
2025-02-20 00:45:00,0.6318641465442223,1.4615302854752994
2025-02-20 01:00:00,0.6346029185546835,1.4572560319538594
2025-02-20 01:15:00,0.636503281270203,1.4551118623532266
2025-02-20 01:30:00,0.6368984607292456,1.458098227146953
2025-02-20 01:45:00,0.6382866208470525,1.4497009514077197
2025-02-20 02:00:00,0.6275737973807208,1.4494606117797773
2025-02-20 02:15:00,0.627305905449965,1.4450477952490395
2025-02-20 02:30:00,0.6252199184582049,1.426350994085696
2025-02-20 02:45:00,0.6171183692073323,1.4338962443365315
2025-02-20 03:00:00,0.622955091224489,1.4225197659775966
2025-02-20 03:15:00,0.6196766957450291,1.4271085152483527
2025-02-20 03:30:00,0.6170574165635485,1.44287433694539
2025-02-20 03:45:00,0.6153182335161989,1.440166273256542
2025-02-20 04:00:00,0.6139817801489253,1.4348310215328521
2025-02-20 04:15:00,0.6101282731004466,1.4116406929755076
2025-02-20 04:30:00,0.6058032215743159,1.408467010627328
2025-02-20 04:45:00,0.6064513868005408,1.4106602509422734
2025-02-20 05:00:00,0.6146553498004939,1.412992131783404
2025-02-20 05:15:00,0.6103123024826476,1.4099304168299536
2025-02-20 05:30:00,0.6033335587078835,1.409743757420883
2025-02-20 05:45:00,0.5975863120390983,1.4008298296162194
2025-02-20 06:00:00,0.5897787455650015,1.4023351678006037
2025-02-20 06:15:00,0.5955636682092911,1.3893689121295651
2025-02-20 06:30:00,0.5947721692067851,1.4093840545998466
2025-02-20 06:45:00,0.5950255861295461,1.4078092492170955
2025-02-20 07:00:00,0.5952238994818173,1.4105234343487805
2025-02-20 07:15:00,0.5936857858918209,1.4112078575851392
2025-02-20 07:30:00,0.596988269559552,1.4136324979665669
2025-02-20 07:45:00,0.5992982579977048,1.4102298962783788
2025-02-20 08:00:00,0.5886446724436094,1.4018327787416223
2025-02-20 08:15:00,0.5840638667695901,1.4104255265053363
2025-02-20 08:30:00,0.5855232814271225,1.4072545134776693
2025-02-20 08:45:00,0.5869708886499181,1.411337477499232
2025-02-20 09:00:00,0.5879609216808085,1.4306860465068343
2025-02-20 09:15:00,0.5884405387134298,1.429986992320313
2025-02-20 09:30:00,0.5905518987470572,1.4274536973922411
2025-02-20 09:45:00,0.5928654991577886,1.4276335568086138
2025-02-20 10:00:00,0.592034710038727,1.422852771132291
2025-02-20 10:15:00,0.5913299734456867,1.423885622389283
2025-02-20 10:30:00,0.5935141902767876,1.434310847122653
2025-02-20 10:45:00,0.591852807074367,1.4478303812888376
2025-02-20 11:00:00,0.5944772779244272,1.4472661109780471
2025-02-20 11:15:00,0.5995524050224486,1.4407687137516787
2025-02-20 11:30:00,0.5993186429409263,1.4363390601083919
2025-02-20 11:45:00,0.597647582447456,1.4257981792117969
2025-02-20 12:00:00,0.5985108478257374,1.4278422811813005
2025-02-20 12:15:00,0.6036638096483059,1.4403519633812283
2025-02-20 12:30:00,0.6114526132534207,1.4440023027103237
2025-02-20 12:45:00,0.6078167793761675,1.4399907185099734
2025-02-20 13:00:00,0.6064359582694672,1.4487048622125243
2025-02-20 13:15:00,0.6054020719428692,1.442167412928638
2025-02-20 13:30:00,0.6058263309073376,1.4602096139660452
2025-02-20 13:45:00,0.6052842061720087,1.4630875624927244
2025-02-20 14:00:00,0.606849711516094,1.4794801421220611
2025-02-20 14:15:00,0.6075031501853149,1.47984013132216
2025-02-20 14:30:00,0.603473207553054,1.483998856905118
2025-02-20 14:45:00,0.6003293202442911,1.4855024309259184
2025-02-20 15:00:00,0.6042035169390709,1.5049248420584278
2025-02-20 15:15:00,0.6174726261096118,1.523002712194187
2025-02-20 15:30:00,0.622032798831508,1.5285228166758051
2025-02-20 15:45:00,0.6205143402061598,1.548267086458936
2025-02-20 16:00:00,0.6165906296828869,1.5493410653946282
2025-02-20 16:15:00,0.6196811267704883,1.53940426135985
2025-02-20 16:30:00,0.6201518707599509,1.5474465164753315
2025-02-20 16:45:00,0.6260698707248032,1.549623449589564
2025-02-20 17:00:00,0.6281118351913828,1.543801900034532
2025-02-20 17:15:00,0.631692317015487,1.5397570730423706
2025-02-20 17:30:00,0.6346455226263976,1.5453410281642281
2025-02-20 17:45:00,0.6295960982716682,1.541055603635828
2025-02-20 18:00:00,0.6254546764092456,1.5526487224409158
2025-02-20 18:15:00,0.6323129054624083,1.5307232553268693
2025-02-20 18:30:00,0.6323103983325384,1.5249610608656186
2025-02-20 18:45:00,0.6343173812962509,1.5286966770287445
2025-02-20 19:00:00,0.6336750011158114,1.5373334406343981
2025-02-20 19:15:00,0.631980673711048,1.52950261891077
2025-02-20 19:30:00,0.6266608075993542,1.539803991330429
2025-02-20 19:45:00,0.6268754320266362,1.525495751599124
2025-02-20 20:00:00,0.6255153166479498,1.5143637282569187
2025-02-20 20:15:00,0.6308977724186748,1.5131856227150005
2025-02-20 20:30:00,0.6371166519735342,1.5157842256811922
2025-02-20 20:45:00,0.634799885016374,1.5092806648113308
2025-02-20 21:00:00,0.630362476661525,1.51028154765842
2025-02-20 21:15:00,0.622747208645141,1.512046589991496
2025-02-20 21:30:00,0.6212761834651117,1.5006592073004337
2025-02-20 21:45:00,0.6218170053369481,1.4997310082075115
2025-02-20 22:00:00,0.623135192357141,1.4968964949332564
2025-02-20 22:15:00,0.6186424766026466,1.508589565012288
2025-02-20 22:30:00,0.6247184304107642,1.488919481678021
2025-02-20 22:45:00,0.6262422568942063,1.4911345705469183
2025-02-20 23:00:00,0.6333192345456551,1.4872000957428637
2025-02-20 23:15:00,0.6287139697723884,1.4917721850391437
2025-02-20 23:30:00,0.6273330479918137,1.4861484796980897
2025-02-20 23:45:00,0.6237226317416653,1.4993985077407215
2025-02-21 00:00:00,0.6222346808659818,1.493876006255758
2025-02-21 00:15:00,0.6285121164758957,1.4959219250705316
2025-02-21 00:30:00,0.6288392153369727,1.4901650008115233
2025-02-21 00:45:00,0.6325096178932769,1.4758042437350873
2025-02-21 01:00:00,0.6265978675910685,1.481779759394374
2025-02-21 01:15:00,0.6251134122693318,1.475762604248564
2025-02-21 01:30:00,0.627718707846342,1.4678223737166396
2025-02-21 01:45:00,0.6258363487856821,1.4766454217910263
2025-02-21 02:00:00,0.6284843574514627,1.46700017932643
2025-02-21 02:15:00,0.6336033441727777,1.4576557132893344
2025-02-21 02:30:00,0.63077093691039,1.4450079984705466
2025-02-21 02:45:00,0.6290615143648866,1.4481284589949457
2025-02-21 03:00:00,0.6316967014587677,1.4457291302256343
2025-02-21 03:15:00,0.6280212526607313,1.4417251758456888
2025-02-21 03:30:00,0.6276596953960887,1.4233981495294616
2025-02-21 03:45:00,0.624827745853588,1.417696428705532
2025-02-21 04:00:00,0.6232442960540717,1.4019928171868243
2025-02-21 04:15:00,0.6193581605410654,1.399773576279768
2025-02-21 04:30:00,0.6172742689276791,1.4080211219546184
2025-02-21 04:45:00,0.6195384132314653,1.40916941359059
2025-02-21 05:00:00,0.6246502169161301,1.4076595357280957
2025-02-21 05:15:00,0.6208717930124387,1.4107795520168886
2025-02-21 05:30:00,0.6154539327634911,1.41242320061609
2025-02-21 05:45:00,0.6182800638914566,1.4203288529348674
2025-02-21 06:00:00,0.6201992270077701,1.4193269216260627
2025-02-21 06:15:00,0.6186987468783735,1.4271535185208069
2025-02-21 06:30:00,0.6185124960742344,1.431062524530567
2025-02-21 06:45:00,0.6178292091206726,1.4250990133863024
2025-02-21 07:00:00,0.6137050422676821,1.4228939562795238
2025-02-21 07:15:00,0.6113099881466556,1.4204254414100237
2025-02-21 07:30:00,0.6079777541548441,1.4256883899684911
2025-02-21 07:45:00,0.6061528170927337,1.432039466142841
2025-02-21 08:00:00,0.6002061348120705,1.4334275538364727
2025-02-21 08:15:00,0.593358484029472,1.4250551427552078
2025-02-21 08:30:00,0.5962826815516997,1.4255798034036231
2025-02-21 08:45:00,0.5960229226155277,1.4369699175817368
2025-02-21 09:00:00,0.6043299586887285,1.4344158598920158
2025-02-21 09:15:00,0.6063505977159217,1.421023855126427
2025-02-21 09:30:00,0.6027466426631489,1.4199290805227025
2025-02-21 09:45:00,0.5972811823778477,1.4214029159613086
2025-02-21 10:00:00,0.5897822431292284,1.409064174215611
2025-02-21 10:15:00,0.5881509752922269,1.4002346644903718
2025-02-21 10:30:00,0.5893095097976104,1.4062494195535058
2025-02-21 10:45:00,0.588757669486993,1.430433150196776
2025-02-21 11:00:00,0.5950609259065066,1.4373827637827319
2025-02-21 11:15:00,0.5953867430718717,1.442573538343478
2025-02-21 11:30:00,0.5882015601215538,1.4405149175002452
2025-02-21 11:45:00,0.5830552552872036,1.4450791818831665
2025-02-21 12:00:00,0.5854686169068261,1.4338250657101355
2025-02-21 12:15:00,0.5838842968757737,1.4295380891741563
2025-02-21 12:30:00,0.5836059137984544,1.4550870344461349
2025-02-21 12:45:00,0.5858885188874697,1.4573601543338854
2025-02-21 13:00:00,0.582747964116995,1.4553627759903267
2025-02-21 13:15:00,0.5938760704704907,1.4550156449371383
2025-02-21 13:30:00,0.5914041684251734,1.479665098767615
2025-02-21 13:45:00,0.5926460725586284,1.4742944306242478
2025-02-21 14:00:00,0.597753885128523,1.4867141043131056
2025-02-21 14:15:00,0.5925199447244375,1.4831448384953116
2025-02-21 14:30:00,0.5944502469393151,1.5054070029150712
2025-02-21 14:45:00,0.592327647953723,1.5069401789259105
2025-02-21 15:00:00,0.5938648114109962,1.505067355749724
2025-02-21 15:15:00,0.5981193045642352,1.5062544783415623
2025-02-21 15:30:00,0.6033899460659299,1.505105884399326
2025-02-21 15:45:00,0.6135641403431719,1.5211854222327643
2025-02-21 16:00:00,0.607900483504128,1.534592790600114
2025-02-21 16:15:00,0.6134354299347442,1.5367802052542623
2025-02-21 16:30:00,0.6201210121839165,1.5209276712044562
2025-02-21 16:45:00,0.6218402066246851,1.515788752937563
2025-02-21 17:00:00,0.6223406893674737,1.514541701437681
2025-02-21 17:15:00,0.6208848985083154,1.502011479847867
2025-02-21 17:30:00,0.6197435632628568,1.5157693471863025
2025-02-21 17:45:00,0.6195669932808148,1.5271500829019635
2025-02-21 18:00:00,0.6104102499869897,1.5244783258189443
2025-02-21 18:15:00,0.6169047842703427,1.5320590284617703
2025-02-21 18:30:00,0.6167138717668209,1.5272979248255367
2025-02-21 18:45:00,0.6160380933691673,1.5150439841873087
2025-02-21 19:00:00,0.6135810065029557,1.5167040680368356
2025-02-21 19:15:00,0.6124045046465089,1.5209492743489332
2025-02-21 19:30:00,0.6163945942954283,1.5255320525702807
2025-02-21 19:45:00,0.6268241810496856,1.5219166296453683
2025-02-21 20:00:00,0.6257471338955172,1.525669113816046
2025-02-21 20:15:00,0.6331343376073386,1.5357872829246972
2025-02-21 20:30:00,0.6294930471606006,1.5220562691007944
2025-02-21 20:45:00,0.6264663368610732,1.5165671993514795
2025-02-21 21:00:00,0.6271027357682754,1.5009017557039581
2025-02-21 21:15:00,0.6235936318423423,1.5144894484057603
2025-02-21 21:30:00,0.6248000995649322,1.5129877166082482
2025-02-21 21:45:00,0.6344938905804639,1.5111594681045635
2025-02-21 22:00:00,0.6351025601957784,1.5089243286193135
2025-02-21 22:15:00,0.6400907089190048,1.5104948015249149
2025-02-21 22:30:00,0.6434459517531492,1.5054324447529528
2025-02-21 22:45:00,0.6535595714219006,1.4970880715287436
2025-02-21 23:00:00,0.6459061850721577,1.493801778198631
2025-02-21 23:15:00,0.6397168201336862,1.489283993681842
2025-02-21 23:30:00,0.6357529559318122,1.5101102658701506
2025-02-21 23:45:00,0.6344842747994442,1.5050305052113189
2025-02-22 00:00:00,0.6359764099195075,1.4955438989459227
2025-02-22 00:15:00,0.6316929607466778,1.4988538644565168
2025-02-22 00:30:00,0.6318680707400355,1.492996133765163
2025-02-22 00:45:00,0.6255313853271666,1.467076222923546
2025-02-22 01:00:00,0.6281718456133063,1.4640209489599683
2025-02-22 01:15:00,0.6205962235727898,1.463123433579116
2025-02-22 01:30:00,0.6195093154452612,1.4530699287533966
2025-02-22 01:45:00,0.6266677814289859,1.4589199203977221
2025-02-22 02:00:00,0.619619809126956,1.453378234782614
2025-02-22 02:15:00,0.6140839063558255,1.4503768175279355
2025-02-22 02:30:00,0.6123419093478863,1.4482428594369252
2025-02-22 02:45:00,0.6082859959365078,1.4501745148803151
2025-02-22 03:00:00,0.6095808273262371,1.4481487933626918
2025-02-22 03:15:00,0.6068875111696594,1.4453467413402274
2025-02-22 03:30:00,0.6113690165112143,1.4396355377902625
2025-02-22 03:45:00,0.6108814131727686,1.4363695332710256
2025-02-22 04:00:00,0.6083670278842558,1.428708217326807
2025-02-22 04:15:00,0.6080513529274298,1.4146621414032188
2025-02-22 04:30:00,0.6018656446493506,1.414200700579495
2025-02-22 04:45:00,0.6048725102274535,1.4271840006353815
2025-02-22 05:00:00,0.6066512271627233,1.419992750194404
2025-02-22 05:15:00,0.6037755747046338,1.4280319728325155
2025-02-22 05:30:00,0.6006529957669577,1.4180867506237662
2025-02-22 05:45:00,0.5972497156116313,1.4134328425636806
2025-02-22 06:00:00,0.5914872324500375,1.411249896650657
2025-02-22 06:15:00,0.5926549294117456,1.4056067831374617
2025-02-22 06:30:00,0.5959131710034206,1.3963445294707175
2025-02-22 06:45:00,0.588964838461628,1.4133128373292614
2025-02-22 07:00:00,0.5916486676849886,1.416392285399291
2025-02-22 07:15:00,0.5870780432457281,1.4223443317482676
2025-02-22 07:30:00,0.5850818711323157,1.4271312302134596
2025-02-22 07:45:00,0.5837187442052064,1.4268122858420313
2025-02-22 08:00:00,0.5802542798765082,1.432777758457177
2025-02-22 08:15:00,0.5795572870420557,1.4346376930879194
2025-02-22 08:30:00,0.5793189954748336,1.444932980300369
2025-02-22 08:45:00,0.586166949820922,1.4410671885587727
2025-02-22 09:00:00,0.5874940265795918,1.432853536853394
2025-02-22 09:15:00,0.5937197176352671,1.4468170964509703
2025-02-22 09:30:00,0.5948882452617406,1.4526158023178772
2025-02-22 09:45:00,0.5911370838618777,1.4524938530903984
2025-02-22 10:00:00,0.59173756017009,1.4418236520947088
2025-02-22 10:15:00,0.5994950285518331,1.4619109459417134
2025-02-22 10:30:00,0.6027015590893093,1.4467959262385126
2025-02-22 10:45:00,0.6029200308358201,1.4617343124936601
2025-02-22 11:00:00,0.6014949098063287,1.4612353164823173
2025-02-22 11:15:00,0.6041380378688119,1.4544827540110876
2025-02-22 11:30:00,0.6124832982176662,1.4533108495643037
2025-02-22 11:45:00,0.6055026425094254,1.4599728006781738
2025-02-22 12:00:00,0.6093947322838702,1.4632274004934105
2025-02-22 12:15:00,0.6069542448716786,1.4460135566743035
2025-02-22 12:30:00,0.6192035666368307,1.4521394486275558
2025-02-22 12:45:00,0.6191929304818445,1.465457507327104
2025-02-22 13:00:00,0.6195400161111464,1.4657222902319489
2025-02-22 13:15:00,0.62215095418189,1.467227777715154
2025-02-22 13:30:00,0.6201390617051695,1.473764076645398
2025-02-22 13:45:00,0.6174766414286965,1.4800439875123208
2025-02-22 14:00:00,0.6175223651611017,1.4737819341317098
2025-02-22 14:15:00,0.6176594914568035,1.4701526860975638
2025-02-22 14:30:00,0.619291288002711,1.478474373180233
2025-02-22 14:45:00,0.6167573915092847,1.4744368852800054
2025-02-22 15:00:00,0.6225641825207334,1.4756770729336186
2025-02-22 15:15:00,0.6246603670571289,1.480019723218312
2025-02-22 15:30:00,0.6287626613697233,1.4804116292205918
2025-02-22 15:45:00,0.6280953163772557,1.4788503535072135
2025-02-22 16:00:00,0.6276868541384244,1.4790230863930471
2025-02-22 16:15:00,0.6247213257198394,1.4705760061872912
2025-02-22 16:30:00,0.6253883420636949,1.4579040703368193
2025-02-22 16:45:00,0.6197714600230887,1.4586977423815464
2025-02-22 17:00:00,0.6259436777535499,1.4708698212540852
2025-02-22 17:15:00,0.6244102500517608,1.4798541201042164
2025-02-22 17:30:00,0.6221250041259919,1.4880018614605872
2025-02-22 17:45:00,0.6256048584051207,1.4954978814281321
2025-02-22 18:00:00,0.6297692797758907,1.503731863780006
2025-02-22 18:15:00,0.6329651052216394,1.504086004174357
2025-02-22 18:30:00,0.6339952923225181,1.4996906564278771
2025-02-22 18:45:00,0.6394206554903076,1.493006887581535
2025-02-22 19:00:00,0.6432133175584638,1.4937681680202357
2025-02-22 19:15:00,0.6452417649841646,1.490069132193568
2025-02-22 19:30:00,0.6494807279219036,1.5090102140822212
2025-02-22 19:45:00,0.6530098170664959,1.5057868095856688
2025-02-22 20:00:00,0.6517138717209326,1.5228096550403334
2025-02-22 20:15:00,0.6520124692248281,1.5172293782781336
2025-02-22 20:30:00,0.6544685421618068,1.5263342642681283
2025-02-22 20:45:00,0.6446832837461033,1.5222610018928722
2025-02-22 21:00:00,0.6452400839462525,1.5209630150029239
2025-02-22 21:15:00,0.6465725768113919,1.516059552620501
2025-02-22 21:30:00,0.64290391152516,1.5111823159198108
2025-02-22 21:45:00,0.6361318212686691,1.514611983541003
2025-02-22 22:00:00,0.6407491690687436,1.5140804554263254
2025-02-22 22:15:00,0.6417264692802844,1.5217321393241132
2025-02-22 22:30:00,0.6454726852197502,1.5111340526666086
2025-02-22 22:45:00,0.6478856388077686,1.5035951420066802
2025-02-22 23:00:00,0.6463567614164717,1.4937461372843002
2025-02-22 23:15:00,0.648092158951678,1.4940879951688577
2025-02-22 23:30:00,0.6494801755490093,1.4954102611943547
2025-02-22 23:45:00,0.6470583915638097,1.4865740972479908
2025-02-23 00:00:00,0.6453970570051777,1.4911251355838318
2025-02-23 00:15:00,0.6466216328779842,1.5011015504096705
2025-02-23 00:30:00,0.6496048610279703,1.5004930452845282
2025-02-23 00:45:00,0.6445387493258811,1.4924714202365237
2025-02-23 01:00:00,0.6039338691866539,1.4775198705918802
2025-02-23 01:15:00,0.6088918623256805,1.4827287771615698
2025-02-23 01:30:00,0.6021029571480581,1.4834448477356503
2025-02-23 01:45:00,0.6031610676040948,1.4811555876204698
2025-02-23 02:00:00,0.5978439125278476,1.4872470888760347
2025-02-23 02:15:00,0.6057230047766624,1.4678368628962584
2025-02-23 02:30:00,0.6006220138152282,1.4635722662470003
2025-02-23 02:45:00,0.5922281785010344,1.459616990072064
2025-02-23 03:00:00,0.5896729567400166,1.4534711482444034
2025-02-23 03:15:00,0.5960568280709242,1.4481470472468112
2025-02-23 03:30:00,0.5930138192387615,1.4374735102609948
2025-02-23 03:45:00,0.585006016431039,1.4354626530833132
2025-02-23 04:00:00,0.5865558182058969,1.4303916950112527
2025-02-23 04:15:00,0.5861499550030195,1.417759341205617
2025-02-23 04:30:00,0.5843782457855606,1.413414744441456
2025-02-23 04:45:00,0.5826150530189665,1.4074199636900568
2025-02-23 05:00:00,0.5762978721860775,1.400131565434703
2025-02-23 05:15:00,0.5708716173620986,1.4034764673855251
2025-02-23 05:30:00,0.5696784879445057,1.4129866898325747
2025-02-23 05:45:00,0.5697342220166604,1.4367917684857883
2025-02-23 06:00:00,0.5715152759770111,1.4308414426984462
2025-02-23 06:15:00,0.5692161939655548,1.4318703416168732
2025-02-23 06:30:00,0.5666718324986312,1.4287400444969791
2025-02-23 06:45:00,0.5647653685480128,1.424151666863475
2025-02-23 07:00:00,0.5693279557660317,1.4178196890469539
2025-02-23 07:15:00,0.5696755281094185,1.41293388901387
2025-02-23 07:30:00,0.5647523086341633,1.419262668507095
2025-02-23 07:45:00,0.563919844194354,1.4224522649041258
2025-02-23 08:00:00,0.5610924550202089,1.4280724903578779
2025-02-23 08:15:00,0.5569067335792985,1.4314203735431243
2025-02-23 08:30:00,0.5527138427981548,1.4364159861314627
2025-02-23 08:45:00,0.5535920332312864,1.4449356691369049
2025-02-23 09:00:00,0.5577576013285166,1.4525726007898598
2025-02-23 09:15:00,0.5567263327716963,1.463183617096907
2025-02-23 09:30:00,0.5547502786867884,1.462264183520043
2025-02-23 09:45:00,0.5579477622602722,1.4595231725195958
2025-02-23 10:00:00,0.5631885568548267,1.4530336947910578
2025-02-23 10:15:00,0.5608754189889993,1.4542452860017454
2025-02-23 10:30:00,0.5664644594781499,1.4655003886283737
2025-02-23 10:45:00,0.5679079566783359,1.4593264865764792
2025-02-23 11:00:00,0.5685769278790535,1.4537647037427486
2025-02-23 11:15:00,0.5682207399404584,1.4649529597345614
2025-02-23 11:30:00,0.5705020628169578,1.4659583472556528
2025-02-23 11:45:00,0.5754248342859858,1.465792690327286
2025-02-23 12:00:00,0.5742203349737838,1.4686649185868434
2025-02-23 12:15:00,0.5732174549080269,1.4685451059065302
2025-02-23 12:30:00,0.5757526920408427,1.456759779208037
2025-02-23 12:45:00,0.5735653264957601,1.4480255990438242
2025-02-23 13:00:00,0.5680129620539329,1.4470098294746954
2025-02-23 13:15:00,0.5623111130493057,1.4473042843287656
2025-02-23 13:30:00,0.5648593813657481,1.4497256365267197
2025-02-23 13:45:00,0.572832489230674,1.4591734884334588
2025-02-23 14:00:00,0.5692521483000871,1.4674336251541273
2025-02-23 14:15:00,0.5677066383916088,1.4574965937379107
2025-02-23 14:30:00,0.5721699749158465,1.4669933423047414
2025-02-23 14:45:00,0.569653919525504,1.4733165464522695
2025-02-23 15:00:00,0.5716267427473191,1.4864998735426294
2025-02-23 15:15:00,0.5670264507537657,1.48451441403765
2025-02-23 15:30:00,0.5594083340012728,1.5000144670134028
2025-02-23 15:45:00,0.5546318511626103,1.4825678434539218
2025-02-23 16:00:00,0.557401270827761,1.4842819020194478
2025-02-23 16:15:00,0.5604488916171535,1.484543214288237
2025-02-23 16:30:00,0.5673860296980715,1.4834521576256618
2025-02-23 16:45:00,0.5704995609695922,1.4811846023780069
2025-02-23 17:00:00,0.570445567564293,1.4960797492773807
2025-02-23 17:15:00,0.570488790928571,1.503431741365764
2025-02-23 17:30:00,0.5783600157976729,1.5048713285733668
2025-02-23 17:45:00,0.57592487751699,1.5082320647262182
2025-02-23 18:00:00,0.5824800088522649,1.5068271528531767
2025-02-23 18:15:00,0.5858048714212503,1.5169045283739702
2025-02-23 18:30:00,0.5846572735572382,1.5043880580473024
2025-02-23 18:45:00,0.5874875166634395,1.5138398361998342
2025-02-23 19:00:00,0.5926469408285849,1.5063032805927383
2025-02-23 19:15:00,0.5964589817965495,1.5139041872462766
2025-02-23 19:30:00,0.6009686984866025,1.515876163649062
2025-02-23 19:45:00,0.6051960918109709,1.517396302525624
2025-02-23 20:00:00,0.6094707284842337,1.51831354073
2025-02-23 20:15:00,0.6116728313636304,1.524534014945935
2025-02-23 20:30:00,0.6114188826759543,1.5186213108543347
2025-02-23 20:45:00,0.6151873657133075,1.510614806981056
2025-02-23 21:00:00,0.6135561329657843,1.494640553339209
2025-02-23 21:15:00,0.6119191747208488,1.4962665644575632
2025-02-23 21:30:00,0.6141434842870894,1.5021400306049413
2025-02-23 21:45:00,0.6132566977394414,1.5064095740626284
2025-02-23 22:00:00,0.6130720142057048,1.5081205005832772
2025-02-23 22:15:00,0.6184531027495124,1.5106025877179396
2025-02-23 22:30:00,0.6102067904480498,1.5225468385389145
2025-02-23 22:45:00,0.6079168802174614,1.5210805141410444
2025-02-23 23:00:00,0.6098078845720569,1.5135933376084807
2025-02-23 23:15:00,0.6022795750883857,1.5188967008787848
2025-02-23 23:30:00,0.6017304771261845,1.5079147680076879
2025-02-23 23:45:00,0.5968406557261556,1.5117797734858949
2025-02-24 00:00:00,0.5942182505540876,1.5115592264811806
2025-02-24 00:15:00,0.5963007820703343,1.5030203736144825
2025-02-24 00:30:00,0.595005836062105,1.4947798636301635
2025-02-24 00:45:00,0.5947632587341776,1.4962948585425193
2025-02-24 01:00:00,0.591980159028294,1.5041000523375074
2025-02-24 01:15:00,0.5950337612364341,1.5010055518734962
2025-02-24 01:30:00,0.5986528439553964,1.4862372248758282
2025-02-24 01:45:00,0.6024988184655374,1.481252055589955
2025-02-24 02:00:00,0.598752384095489,1.4713019458382703
2025-02-24 02:15:00,0.5965491467773492,1.4705159374556125
2025-02-24 02:30:00,0.5956713362252558,1.444444388893478
2025-02-24 02:45:00,0.592039508917862,1.4361386802525153
2025-02-24 03:00:00,0.5865233024037815,1.439159664120382
2025-02-24 03:15:00,0.581971266764252,1.4535875642021876
2025-02-24 03:30:00,0.5783096663547159,1.4408278111928072
2025-02-24 03:45:00,0.5802045452981718,1.4400441641807875
2025-02-24 04:00:00,0.5840278707069847,1.456399238489155
2025-02-24 04:15:00,0.5827481775248058,1.4566129980521594
2025-02-24 04:30:00,0.5813303078343197,1.4311809407492546
2025-02-24 04:45:00,0.5854471799479065,1.4267907732124494
2025-02-24 05:00:00,0.5774799238442061,1.4097162658492102
2025-02-24 05:15:00,0.5778822824114249,1.413754371536355
2025-02-24 05:30:00,0.5751668047761547,1.4146562700770777
2025-02-24 05:45:00,0.5742468326995102,1.3982017966410034
2025-02-24 06:00:00,0.5745338008342347,1.3997851726766326
2025-02-24 06:15:00,0.5794322248463444,1.4005901289150084
2025-02-24 06:30:00,0.5792758783821201,1.3951349966613231
2025-02-24 06:45:00,0.5716256700665437,1.4016625317651548
2025-02-24 07:00:00,0.557541047477501,1.3941594558998622
2025-02-24 07:15:00,0.5631694633757327,1.4130430308227158
2025-02-24 07:30:00,0.561152623950629,1.4194309390033977
2025-02-24 07:45:00,0.5584928035079492,1.4241777840252199
2025-02-24 08:00:00,0.5636644106076096,1.4221186502706509
2025-02-24 08:15:00,0.5590175260026182,1.4200836892025377
2025-02-24 08:30:00,0.5556084912805331,1.416252674516268
2025-02-24 08:45:00,0.5576851644415443,1.4322813217704482
2025-02-24 09:00:00,0.5605834303725992,1.428001085091474
2025-02-24 09:15:00,0.5577560742847062,1.4334916824594937
2025-02-24 09:30:00,0.5528253391293788,1.4339002976897353
2025-02-24 09:45:00,0.5515954114695866,1.432652878077747
2025-02-24 10:00:00,0.5501136091785053,1.4485827160679505
2025-02-24 10:15:00,0.540240315853741,1.4516808938390635
2025-02-24 10:30:00,0.5421804297626149,1.4551705546423137
2025-02-24 10:45:00,0.5466570580549301,1.44653380781635
2025-02-24 11:00:00,0.5443669265328636,1.457301373484271
2025-02-24 11:15:00,0.5499866248052253,1.4655505762258318
2025-02-24 11:30:00,0.5460035038503993,1.4523888971895331
2025-02-24 11:45:00,0.5539235670516486,1.4637460116023897
2025-02-24 12:00:00,0.5516064495264125,1.4648360014238997
2025-02-24 12:15:00,0.5513701691774445,1.4634960850832266
2025-02-24 12:30:00,0.5507544337399408,1.4860623098412251
2025-02-24 12:45:00,0.5480161736748916,1.4930745817014415
2025-02-24 13:00:00,0.558495455903229,1.49027929959809
2025-02-24 13:15:00,0.5534082476128828,1.501141232570141
2025-02-24 13:30:00,0.5570411550583674,1.5189018101417808
2025-02-24 13:45:00,0.5570156719752828,1.510209090797512
2025-02-24 14:00:00,0.5556935051485906,1.5118440421632382
2025-02-24 14:15:00,0.5596840513309497,1.5108787503747372
2025-02-24 14:30:00,0.5651361644280459,1.5020288248564455
2025-02-24 14:45:00,0.5672831448333457,1.5054474319022306
2025-02-24 15:00:00,0.5616223051701147,1.5105576537318375
2025-02-24 15:15:00,0.5670429551347334,1.5169957505476055
2025-02-24 15:30:00,0.5749263318302875,1.508765824873182
2025-02-24 15:45:00,0.5812733508031094,1.509140166108675
2025-02-24 16:00:00,0.5799766150593058,1.5236399789673807
2025-02-24 16:15:00,0.5868714055351248,1.531564395137507
2025-02-24 16:30:00,0.5876626011093499,1.5304063880360945
2025-02-24 16:45:00,0.5873861923510875,1.5270424384283896
2025-02-24 17:00:00,0.5877475378871528,1.5274832831037035
2025-02-24 17:15:00,0.5871724858624496,1.5282786271379103
2025-02-24 17:30:00,0.5847958321794645,1.5399710063877197
2025-02-24 17:45:00,0.5818170477059743,1.5396713995718707
2025-02-24 18:00:00,0.5781417622819688,1.551044915294878
2025-02-24 18:15:00,0.5823584920212541,1.5488627470529046
2025-02-24 18:30:00,0.5859567729854072,1.5587870625700522
2025-02-24 18:45:00,0.5891764851746665,1.5408354270503088
2025-02-24 19:00:00,0.5969522145185525,1.531321924363513
2025-02-24 19:15:00,0.592999004991422,1.5243075889335809
2025-02-24 19:30:00,0.5916740433939524,1.514326155673032
2025-02-24 19:45:00,0.5886786819428437,1.5349148685817586
2025-02-24 20:00:00,0.5888549888191407,1.527410983779919
2025-02-24 20:15:00,0.592143768070568,1.5330397048600262
2025-02-24 20:30:00,0.5894717885842115,1.549507577167981
2025-02-24 20:45:00,0.5923624770863969,1.533843441374434
2025-02-24 21:00:00,0.5997343281698742,1.5381620068217112
2025-02-24 21:15:00,0.5995417494852503,1.5295104922906833
2025-02-24 21:30:00,0.5999624244199359,1.5187807527128228
2025-02-24 21:45:00,0.5975720966862702,1.5344369152803272
2025-02-24 22:00:00,0.5970041132671237,1.5234547111919838
2025-02-24 22:15:00,0.6017471265565775,1.529407318434374
2025-02-24 22:30:00,0.6023568939625821,1.5182889874786958
2025-02-24 22:45:00,0.5975494768551878,1.508353138599058
2025-02-24 23:00:00,0.5937209724350695,1.5112130384549987
2025-02-24 23:15:00,0.5975327124071984,1.5084178196397224
2025-02-24 23:30:00,0.6007908083506479,1.498366016362868
2025-02-24 23:45:00,0.5978468689799723,1.5007527649551973
2025-02-25 00:00:00,0.6020441619786081,1.5195815959212113
2025-02-25 00:15:00,0.6027455664057108,1.5099289598768793
2025-02-25 00:30:00,0.6014864938231104,1.5059804629541949
2025-02-25 00:45:00,0.598230277460836,1.505094775539582
2025-02-25 01:00:00,0.5972861763207563,1.4988212244700678
2025-02-25 01:15:00,0.5928470764929299,1.4812450495358707
2025-02-25 01:30:00,0.5872346696540797,1.4760093752925536
2025-02-25 01:45:00,0.5822567378681934,1.4711061752231713
2025-02-25 02:00:00,0.5827989710030929,1.4875231979674295
2025-02-25 02:15:00,0.5864570165512503,1.470444272313955
2025-02-25 02:30:00,0.5870667446034367,1.465413169931557
2025-02-25 02:45:00,0.581886220557317,1.454521373163905
2025-02-25 03:00:00,0.5847176492873005,1.4525274186037924
2025-02-25 03:15:00,0.5813097765915837,1.4501013297750645
2025-02-25 03:30:00,0.5881912472492729,1.4330597681973238
2025-02-25 03:45:00,0.5903920767158145,1.432286661696582
2025-02-25 04:00:00,0.5959977173264283,1.4372441994295704
2025-02-25 04:15:00,0.5888312159021187,1.4246826499043264
2025-02-25 04:30:00,0.5825830629048357,1.4228225991318943
2025-02-25 04:45:00,0.5870285095632168,1.4074299169977036
2025-02-25 05:00:00,0.589564136035065,1.4165681151841858
2025-02-25 05:15:00,0.5835839150159741,1.4284182667639378
2025-02-25 05:30:00,0.5776987122661376,1.4351773234341034
2025-02-25 05:45:00,0.5777743521328421,1.4372816492716147
2025-02-25 06:00:00,0.5723452119131092,1.4378189834677182
2025-02-25 06:15:00,0.5701951097201831,1.4280162601994926
2025-02-25 06:30:00,0.5748417357528146,1.4245400725138162
2025-02-25 06:45:00,0.5680469134143784,1.4199511359118318
2025-02-25 07:00:00,0.5661841647251485,1.4178726041178165
2025-02-25 07:15:00,0.5612027376826125,1.4121733855668217
2025-02-25 07:30:00,0.5646847533343319,1.41887160345788
2025-02-25 07:45:00,0.556410536537845,1.4159479582360601
2025-02-25 08:00:00,0.558378581342095,1.418953890628247
2025-02-25 08:15:00,0.5594629884864493,1.4161635547143965
2025-02-25 08:30:00,0.5569746464581433,1.4123326891697023
2025-02-25 08:45:00,0.5521148550117406,1.409935583978165
2025-02-25 09:00:00,0.5431788058122783,1.3961438003233024
2025-02-25 09:15:00,0.5464451873126117,1.4161552302203333
2025-02-25 09:30:00,0.5441503842792231,1.4201651465543899
2025-02-25 09:45:00,0.5469483210518248,1.4402453081611177
2025-02-25 10:00:00,0.5502644701197684,1.4419081366013884
2025-02-25 10:15:00,0.5557318629035096,1.4253139044667031
2025-02-25 10:30:00,0.554922913694171,1.4323791238873793
2025-02-25 10:45:00,0.5500859254889072,1.4451163164014096
2025-02-25 11:00:00,0.5529326233342353,1.447280276918513
2025-02-25 11:15:00,0.548775011472044,1.4483976262777
2025-02-25 11:30:00,0.5498478760079195,1.4627795432503825
2025-02-25 11:45:00,0.5562003984098858,1.4453982004818327
2025-02-25 12:00:00,0.5528948936180563,1.448650942711354
2025-02-25 12:15:00,0.5549650539036636,1.450558447957882
2025-02-25 12:30:00,0.5595548497303092,1.4471767353286638
2025-02-25 12:45:00,0.5603398183334231,1.460177762642863
2025-02-25 13:00:00,0.5657296479299171,1.4567476216221915
2025-02-25 13:15:00,0.5655252053271759,1.4622514490174725
2025-02-25 13:30:00,0.5682106593451759,1.4513165002581554
2025-02-25 13:45:00,0.5672967505136403,1.4614859023911229
2025-02-25 14:00:00,0.5624187814221915,1.4846765923462877
2025-02-25 14:15:00,0.5631474380685653,1.4861570154638746
2025-02-25 14:30:00,0.566373287961121,1.479855361256208
2025-02-25 14:45:00,0.5646164545398911,1.4960556673874614
2025-02-25 15:00:00,0.5633185266481885,1.5005156726890971
2025-02-25 15:15:00,0.5678752166375378,1.5073435076460469
2025-02-25 15:30:00,0.5734967912386316,1.527985190954282
2025-02-25 15:45:00,0.5708343696732137,1.5408408736534904
2025-02-25 16:00:00,0.5677248651634478,1.5431627640706964
2025-02-25 16:15:00,0.5751893640981054,1.5493502153730059
2025-02-25 16:30:00,0.5771711797214447,1.544550877740693
2025-02-25 16:45:00,0.5745224754191257,1.5604659115337867
2025-02-25 17:00:00,0.5693413710475285,1.5581592281655643
2025-02-25 17:15:00,0.5814376936038599,1.5548423849044828
2025-02-25 17:30:00,0.5812382959559826,1.5505445398861244
2025-02-25 17:45:00,0.580656582314608,1.5547434766574884
2025-02-25 18:00:00,0.5808477994358888,1.5669219175890878
2025-02-25 18:15:00,0.5763400183874359,1.5772487064391034
2025-02-25 18:30:00,0.5783211122628921,1.5813405508960945
2025-02-25 18:45:00,0.5848514807471574,1.5790338802548627
2025-02-25 19:00:00,0.5936187125789752,1.5805270918486722
2025-02-25 19:15:00,0.594815372784094,1.5852963815796988
2025-02-25 19:30:00,0.6023816200900525,1.5722219439819065
2025-02-25 19:45:00,0.6006776595439878,1.5647571241118825
2025-02-25 20:00:00,0.6047498846430469,1.5758538185828015
2025-02-25 20:15:00,0.6095439201657962,1.5634598968496924
2025-02-25 20:30:00,0.6043565050968821,1.5611068489374789
2025-02-25 20:45:00,0.6114541576822253,1.5616691610587974
2025-02-25 21:00:00,0.61151407911349,1.5639629014752234
2025-02-25 21:15:00,0.6101809698537254,1.5601176635274068
2025-02-25 21:30:00,0.6037514376042042,1.5521753288047018
2025-02-25 21:45:00,0.6064744821256912,1.550081512317747
2025-02-25 22:00:00,0.6005092532883659,1.5419443120371892
2025-02-25 22:15:00,0.6029848461544025,1.5346397087231074
2025-02-25 22:30:00,0.6040119737173221,1.5464484785329131
2025-02-25 22:45:00,0.602041865316782,1.5418739022617427
2025-02-25 23:00:00,0.6088813732400256,1.5435532786662636
2025-02-25 23:15:00,0.6090273124627555,1.546213100523276
2025-02-25 23:30:00,0.611528650216154,1.5304097398958059
2025-02-25 23:45:00,0.6053725495979783,1.514049626648141
2025-02-26 00:00:00,0.6065830669625487,1.5044630426961745
2025-02-26 00:15:00,0.6013538762831071,1.5014506044309621
2025-02-26 00:30:00,0.6004323611604835,1.488688434952065
2025-02-26 00:45:00,0.6018396504944387,1.495158775033317
2025-02-26 01:00:00,0.5943820728469942,1.4920812115950421
2025-02-26 01:15:00,0.5876169691609343,1.4995076705719619
2025-02-26 01:30:00,0.5767360330434878,1.4982999686189329
2025-02-26 01:45:00,0.5760458170654419,1.4967826067143117
2025-02-26 02:00:00,0.5759574676837664,1.4974108973150393
2025-02-26 02:15:00,0.5719139058861317,1.4945444835827701
2025-02-26 02:30:00,0.5705384124751189,1.496430794932001
2025-02-26 02:45:00,0.5761822864189755,1.4882726379846636
2025-02-26 03:00:00,0.576450944016869,1.479338761859258
2025-02-26 03:15:00,0.5792140874774118,1.4731131981493095
2025-02-26 03:30:00,0.5719857687432803,1.472722707981413
2025-02-26 03:45:00,0.5618298557388268,1.4612947521279716
2025-02-26 04:00:00,0.5610852079776655,1.4429316700058556
2025-02-26 04:15:00,0.5641451764792762,1.4309035798662548
2025-02-26 04:30:00,0.5578037361207276,1.4296413750187948
2025-02-26 04:45:00,0.5623740562598701,1.414919436639398
2025-02-26 05:00:00,0.5627755867994754,1.4225842036910723
2025-02-26 05:15:00,0.5693294707422912,1.423886051195134
2025-02-26 05:30:00,0.5768675938521616,1.4215001808359247
2025-02-26 05:45:00,0.5692457725553944,1.426702509907203
2025-02-26 06:00:00,0.5680374175927059,1.4264333993527867
2025-02-26 06:15:00,0.5643312336090633,1.4236180268524778
2025-02-26 06:30:00,0.5648368427242602,1.4154839855038435
2025-02-26 06:45:00,0.5725360573436417,1.4138995025736187
2025-02-26 07:00:00,0.5740962878988451,1.4075318357984357
2025-02-26 07:15:00,0.5638548764870348,1.4106663235704295
2025-02-26 07:30:00,0.5650871208904671,1.4075018243222976
2025-02-26 07:45:00,0.5652722090076702,1.405949381252787
2025-02-26 08:00:00,0.5594289751873801,1.4132096497243383
2025-02-26 08:15:00,0.560860274292484,1.4151827668578763
2025-02-26 08:30:00,0.5622089460396062,1.4143034882690093
2025-02-26 08:45:00,0.5606666437443925,1.4181624883486459
2025-02-26 09:00:00,0.5657183813595219,1.424698964719231
2025-02-26 09:15:00,0.5674456563118278,1.4301355981996096
2025-02-26 09:30:00,0.5724099939865053,1.4309308763861517
2025-02-26 09:45:00,0.5673415412348152,1.4285034810927144
2025-02-26 10:00:00,0.5593970509125108,1.4212850655590692
2025-02-26 10:15:00,0.5662823348049377,1.4164986527140266
2025-02-26 10:30:00,0.5601829215820074,1.4075644897637536
2025-02-26 10:45:00,0.5577585075076177,1.3980890983514538
2025-02-26 11:00:00,0.5580134995601109,1.4005481128997246
2025-02-26 11:15:00,0.5596824236669882,1.4057907828053628
2025-02-26 11:30:00,0.5631792728070847,1.4005274246406811
2025-02-26 11:45:00,0.5606241192974667,1.408412822263087
2025-02-26 12:00:00,0.5637387465103885,1.4346504671647913
2025-02-26 12:15:00,0.558946915824026,1.4466189604494795
2025-02-26 12:30:00,0.5577019985767842,1.4561587225599646
2025-02-26 12:45:00,0.5546419327893081,1.4633120993523923
2025-02-26 13:00:00,0.5646423203877085,1.4716809110001452
2025-02-26 13:15:00,0.5683456991518216,1.4717652078077514
2025-02-26 13:30:00,0.5730909862801474,1.4797110752473497
2025-02-26 13:45:00,0.5687779690056677,1.4890164275898063
2025-02-26 14:00:00,0.564917962783588,1.4840507557620335
2025-02-26 14:15:00,0.5544539358033745,1.4759529217879221
2025-02-26 14:30:00,0.5658251582712992,1.4654435110880528
2025-02-26 14:45:00,0.5673892405927649,1.4591504520875498
2025-02-26 15:00:00,0.5744081212387407,1.4736703562497324
2025-02-26 15:15:00,0.5813201128067271,1.4934560593959612
2025-02-26 15:30:00,0.5787719139230743,1.4966790305761846
2025-02-26 15:45:00,0.5807336160824762,1.496491726289498
2025-02-26 16:00:00,0.5757535606172026,1.5004234649116484
2025-02-26 16:15:00,0.5747415986614762,1.5055617646947792
2025-02-26 16:30:00,0.5709674954597136,1.5179117810759426
2025-02-26 16:45:00,0.5690979280597813,1.527221451524424
2025-02-26 17:00:00,0.5709092329014581,1.537780609719333
2025-02-26 17:15:00,0.5716609040582074,1.5496757840769646
2025-02-26 17:30:00,0.576325853297251,1.5469637332073
2025-02-26 17:45:00,0.5769989950288522,1.563400367334068
2025-02-26 18:00:00,0.5822195853204614,1.564643520261337
2025-02-26 18:15:00,0.5799027389707844,1.580094451145752
2025-02-26 18:30:00,0.5853560811314374,1.5762787879116142
2025-02-26 18:45:00,0.5914672648628626,1.5771262966041413
2025-02-26 19:00:00,0.5933404088381062,1.5857757739625544
2025-02-26 19:15:00,0.6006528630631461,1.5710499901171122
2025-02-26 19:30:00,0.6022261609173771,1.5622100284792126
2025-02-26 19:45:00,0.6035958887878561,1.548742100948094
2025-02-26 20:00:00,0.5967074767288977,1.5379685675147985
2025-02-26 20:15:00,0.5969943013910901,1.532337292575218
2025-02-26 20:30:00,0.595845840583028,1.5386889480195136
2025-02-26 20:45:00,0.5961629613957188,1.5318755121298777
2025-02-26 21:00:00,0.5981978591466326,1.5343688594186151
2025-02-26 21:15:00,0.60012156435337,1.5266032616105856
2025-02-26 21:30:00,0.6012045543677057,1.5146035520026184
2025-02-26 21:45:00,0.5919808667628474,1.5287114895908718
2025-02-26 22:00:00,0.589393510966617,1.5177534448180692
2025-02-26 22:15:00,0.5927091151190477,1.5072009417542682
2025-02-26 22:30:00,0.5959755344109293,1.509315556335985
2025-02-26 22:45:00,0.586126647804823,1.514748276648511
2025-02-26 23:00:00,0.5834670019613963,1.5169804322437237
2025-02-26 23:15:00,0.5873252657233676,1.516463673635063
2025-02-26 23:30:00,0.5839667630717794,1.5038185722866766
2025-02-26 23:45:00,0.5839603541745965,1.5003457941502447
2025-02-27 00:00:00,0.5846247437621064,1.4821528058160687
2025-02-27 00:15:00,0.5886112143755025,1.475432768310327
2025-02-27 00:30:00,0.5895463672480267,1.494107056659519
2025-02-27 00:45:00,0.5843110960656915,1.5001554481253523
2025-02-27 01:00:00,0.5810687777526463,1.5066615496108817
2025-02-27 01:15:00,0.5763115080162304,1.5072932811073159
2025-02-27 01:30:00,0.5779877773563519,1.5057874709078287
2025-02-27 01:45:00,0.5775171477336057,1.5143233775762388
2025-02-27 02:00:00,0.5747756628006593,1.4964900585862118
2025-02-27 02:15:00,0.5790896843583699,1.4942783503174517
2025-02-27 02:30:00,0.5779787193930456,1.4862373568429026
2025-02-27 02:45:00,0.5801348162140342,1.485777915747669
2025-02-27 03:00:00,0.5751031016892121,1.4762644010905877
2025-02-27 03:15:00,0.5753810843889248,1.468462859330894
2025-02-27 03:30:00,0.5776966811774573,1.4633726195470214
2025-02-27 03:45:00,0.5834269985603648,1.4626851422904144
2025-02-27 04:00:00,0.5776105780768519,1.4690796538238877
2025-02-27 04:15:00,0.5808489345941655,1.4605063106444391
2025-02-27 04:30:00,0.5800844692625284,1.4634896607488532
2025-02-27 04:45:00,0.584023912860133,1.445692976869551
2025-02-27 05:00:00,0.5939532049270605,1.4474035360393813
2025-02-27 05:15:00,0.5891684063492048,1.4398777330756487
2025-02-27 05:30:00,0.5838181378976682,1.442233142599451
2025-02-27 05:45:00,0.5811957653041327,1.4309351522791673
2025-02-27 06:00:00,0.5810855400168696,1.420096401189255
2025-02-27 06:15:00,0.584891834591025,1.418608079445849
2025-02-27 06:30:00,0.5827735012643093,1.4198720560518223
2025-02-27 06:45:00,0.5800518020573685,1.4028407292178267
2025-02-27 07:00:00,0.5785419286752288,1.4145908793282422
2025-02-27 07:15:00,0.5772601466045963,1.416282910599358
2025-02-27 07:30:00,0.5763961247148993,1.4293889980682792
2025-02-27 07:45:00,0.5762448354543206,1.4345490699022694
2025-02-27 08:00:00,0.5752452991609437,1.4280466461149732
2025-02-27 08:15:00,0.5765805197309767,1.429916119522707
2025-02-27 08:30:00,0.576560927741947,1.4290756422353648
2025-02-27 08:45:00,0.5761384896446248,1.431711232739335
2025-02-27 09:00:00,0.5735664663402387,1.425215200164129
2025-02-27 09:15:00,0.5762724923776462,1.4216138276093433
2025-02-27 09:30:00,0.5746938892597666,1.4244148761157513
2025-02-27 09:45:00,0.5785973727277528,1.4329717197139538
2025-02-27 10:00:00,0.5682588583145808,1.434399167104171
2025-02-27 10:15:00,0.5704579894293843,1.4279448458642097
2025-02-27 10:30:00,0.5705108010818809,1.4336153901159803
2025-02-27 10:45:00,0.5673253329576469,1.435804089034445
2025-02-27 11:00:00,0.5711961501832051,1.4435891579414297
2025-02-27 11:15:00,0.5616090866006355,1.4381322124709541
2025-02-27 11:30:00,0.5634835937213725,1.4333854480488681
2025-02-27 11:45:00,0.5666245666871085,1.4497959594351089
2025-02-27 12:00:00,0.5749155491942928,1.4528442029993425
2025-02-27 12:15:00,0.5811793878572346,1.4743468427529391
2025-02-27 12:30:00,0.5838719515772907,1.4743629916321617
2025-02-27 12:45:00,0.5839296983409183,1.4725856773559278
2025-02-27 13:00:00,0.5857599276534496,1.4753022256171695
2025-02-27 13:15:00,0.5860296017077411,1.4773931608395556
2025-02-27 13:30:00,0.5835398855707602,1.4856250620276399
2025-02-27 13:45:00,0.5682681320337375,1.4885554430031787
2025-02-27 14:00:00,0.5685986128809598,1.48921330769483
2025-02-27 14:15:00,0.5747927766305865,1.5067213027877164
2025-02-27 14:30:00,0.5751425386789643,1.515684867479211
2025-02-27 14:45:00,0.5782061938638112,1.5198117305632677
2025-02-27 15:00:00,0.5817278476335312,1.5339428413221998
2025-02-27 15:15:00,0.5884670270729753,1.545624604354479
2025-02-27 15:30:00,0.5953340875018244,1.5349543385581679
2025-02-27 15:45:00,0.5898485242870346,1.5286621902436093
2025-02-27 16:00:00,0.5876369739453433,1.531281713936168
2025-02-27 16:15:00,0.5964655970463487,1.524866882129037
2025-02-27 16:30:00,0.5936013508165168,1.5265639062193737
2025-02-27 16:45:00,0.5901033877843608,1.5418649547231091
2025-02-27 17:00:00,0.5918484466478598,1.547670322058709
2025-02-27 17:15:00,0.596435480133277,1.54400127867473
2025-02-27 17:30:00,0.5943330778149946,1.5504634956709855
2025-02-27 17:45:00,0.5917265061409854,1.5470968793862327
2025-02-27 18:00:00,0.5885411089382979,1.555971333366861
2025-02-27 18:15:00,0.595150153334649,1.5512811355445126
2025-02-27 18:30:00,0.5981495981228787,1.5539594341985052
2025-02-27 18:45:00,0.6030283763072339,1.552900671457624
2025-02-27 19:00:00,0.5967000517013201,1.5500258302439403
2025-02-27 19:15:00,0.599310179839871,1.5430178204061369
2025-02-27 19:30:00,0.5983886540383511,1.544502700309046
2025-02-27 19:45:00,0.5928583710309271,1.542504238183561
2025-02-27 20:00:00,0.5908368761765144,1.553968123786428
2025-02-27 20:15:00,0.5898919742765675,1.5511005630500467
2025-02-27 20:30:00,0.5950918341301094,1.5469660628130728
2025-02-27 20:45:00,0.5911375222128891,1.5546030911976156
2025-02-27 21:00:00,0.5935973334137441,1.5556510012707903
2025-02-27 21:15:00,0.5978453367555777,1.5573532423341943
2025-02-27 21:30:00,0.5993976900051324,1.5716754918206661
2025-02-27 21:45:00,0.6014419486469702,1.566056830838918
2025-02-27 22:00:00,0.6141179371361515,1.5541113913247073
2025-02-27 22:15:00,0.6117684811330901,1.5442943506057465
2025-02-27 22:30:00,0.6059775365437463,1.5490160143816203
2025-02-27 22:45:00,0.6091035592747623,1.5404919308483505
2025-02-27 23:00:00,0.6064856663519894,1.5352278439163005
2025-02-27 23:15:00,0.6067940721857931,1.5425512821693497
2025-02-27 23:30:00,0.6056783324451591,1.54008742926632
2025-02-27 23:45:00,0.6032632255506745,1.5264035124825106
2025-02-28 00:00:00,0.602014157704116,1.5282759832700563
2025-02-28 00:15:00,0.5985814585233008,1.5393350768695135
2025-02-28 00:30:00,0.6009196056451485,1.5330180314436914
2025-02-28 00:45:00,0.596285282522089,1.5422622027011348
2025-02-28 01:00:00,0.5982468990811964,1.5346667698235392
2025-02-28 01:15:00,0.5987568647668233,1.5338529013764197
2025-02-28 01:30:00,0.5959486679356867,1.5350861748588793
2025-02-28 01:45:00,0.5959136788729361,1.5358363983696997
2025-02-28 02:00:00,0.5965040308221546,1.519776502034453
2025-02-28 02:15:00,0.591002305896754,1.5079450634042495
2025-02-28 02:30:00,0.5926636324287088,1.5065264640708387
2025-02-28 02:45:00,0.5837858213527531,1.512690820928421
2025-02-28 03:00:00,0.5855461877451886,1.4992439164089437
2025-02-28 03:15:00,0.5899540391988829,1.4922906363286481
2025-02-28 03:30:00,0.5787460041877865,1.4879309035978479
2025-02-28 03:45:00,0.5766601441866334,1.4693572745048664
2025-02-28 04:00:00,0.5770457240430283,1.456587190133467
2025-02-28 04:15:00,0.5729549836619054,1.45076199767368
2025-02-28 04:30:00,0.5680549000443644,1.4493651914517747
2025-02-28 04:45:00,0.5702781131939342,1.4449034169524
2025-02-28 05:00:00,0.5788324313813449,1.4414315916160125
2025-02-28 05:15:00,0.570117315414393,1.433407469015206
2025-02-28 05:30:00,0.5688526636846493,1.4376871919809222
2025-02-28 05:45:00,0.5666963144974778,1.4440515450005424
2025-02-28 06:00:00,0.5669414519295712,1.4443256169534846
