run_id,run_start_date,unit_label,group_label,y_bin_observed,p_high,y_bin_pred,misclass_flag,near_boundary_flag,strong_contradiction_flag,mdistance_z,iso_anomaly_z,input_anomaly_score_z,confidence,contextual_anomaly_score
RUN_072,2025-08-07,GR06,group_1,0,0.2937904761904762,0,0,0,0,5.747958849281309,4.339703232947844,5.043831041114577,0.2062095238095238,2.573467901509669
RUN_094,2025-10-12,GR04,group_2,0,0.5443333333333333,1,1,1,0,2.857238073274304,2.4572602342167835,2.6572491537455436,0.044333333333333336,2.339707910206105
RUN_001,2025-01-06,GR01,group_3,1,0.5667,1,0,1,0,4.016097771409194,3.3360222468420027,3.676060009125598,0.06669999999999998,1.854705004562799
RUN_115,2025-12-14,GR01,group_1,0,0.6682571428571429,1,1,0,1,0.37959658623298376,0.6357664065614875,0.5076814963972356,0.16825714285714288,1.7959050339129035
RUN_091,2025-10-03,GR01,group_1,1,0.19603333333333325,0,1,0,1,0.2016384553489896,0.4805182420976126,0.3410783487233011,0.3039666666666667,1.7465308410283173
RUN_060,2025-07-02,GR06,group_1,1,0.1718666666666667,0,1,0,1,0.2014470951242698,0.22696865345641382,0.21420787429034183,0.3281333333333333,1.6891372704785044
RUN_035,2025-04-18,GR05,group_2,1,0.5866,1,0,1,0,4.311801949637548,2.223943758398916,3.267872854018232,0.08660000000000001,1.6555864270091158
RUN_109,2025-11-26,GR01,group_2,0,0.6658000000000002,1,1,0,1,-0.17146741809320162,0.5583495134956402,0.19344104770121928,0.16580000000000017,1.6381705238506097
RUN_086,2025-09-18,GR02,group_1,1,0.38470000000000004,0,1,0,1,-0.1879586970830291,0.5701467941659975,0.19109404854148418,0.11529999999999996,1.624372024270742
RUN_040,2025-05-03,GR04,group_3,1,0.31023333333333336,0,1,0,1,-0.44387479977983263,-0.1472775617271499,-0.29557618075349124,0.18976666666666664,1.399653576289921
RUN_089,2025-09-27,GR05,group_3,1,0.2828166666666666,0,1,0,1,-0.6571945908504474,-0.8066218033323201,-0.7319081970913838,0.2171833333333334,1.1883417347876415
RUN_113,2025-12-08,GR05,group_2,0,0.6463523809523808,1,1,0,1,-0.6878370213849809,-0.7964083545888802,-0.7421226879869305,0.1463523809523808,1.16552675124463
RUN_093,2025-10-09,GR03,group_2,0,0.2613190476190477,0,0,0,0,1.9298725458788808,2.3511778499479945,2.140525197913438,0.23868095238095233,1.129932837051957
RUN_106,2025-11-17,GR04,group_2,0,0.5849190476190478,1,1,1,0,-0.08904920600095528,0.07985984797221135,-0.004594679014371966,0.08491904761904778,1.018932422397576
RUN_081,2025-09-03,GR03,group_1,0,0.40660952380952387,0,0,1,0,1.8727229343562333,1.6483923786758237,1.7605576565160286,0.09339047619047613,0.9036264473056334
RUN_039,2025-04-30,GR03,group_1,0,0.5256333333333334,1,1,1,0,-0.24752329405841877,-0.1760280081893414,-0.21177565112388008,0.025633333333333397,0.9005205077713934
RUN_116,2025-12-17,GR02,group_3,1,0.7420999999999999,1,0,0,0,1.8945533191935726,1.3894230522689137,1.6419881857312433,0.24209999999999987,0.8815190928656216
RUN_062,2025-07-08,GR02,group_1,0,0.2024380952380952,0,0,0,0,1.9307227844218093,1.214684293042733,1.5727035387322712,0.2975619047619048,0.8607422455566118
RUN_101,2025-11-02,GR05,group_1,0,0.5208666666666665,1,1,1,0,-0.5031450956470489,-0.2750398731848943,-0.3890924844159716,0.020866666666666478,0.8106704244586809
RUN_098,2025-10-24,GR02,group_3,1,0.4899666666666667,0,1,1,0,-0.3831619471892209,-0.4755882863522894,-0.4293751167707551,0.010033333333333283,0.7878207749479558
RUN_043,2025-05-12,GR01,group_3,0,0.28674285714285713,0,0,0,0,1.1977284914627317,1.6674692165449752,1.4325988540038535,0.21325714285714287,0.7696137127162125
RUN_107,2025-11-20,GR05,group_2,0,0.5922333333333335,1,1,1,0,-0.6333655842809421,-0.7459281706797579,-0.68964687748035,0.0922333333333335,0.6782348945931584
RUN_118,2025-12-23,GR04,group_1,1,0.7002333333333332,1,0,0,0,0.9153654973662082,1.505106718249601,1.2102361078079045,0.20023333333333315,0.6551763872372856
RUN_082,2025-09-06,GR04,group_1,0,0.21944761904761897,0,0,0,0,0.95346337089984,1.2190755493599335,1.0862694601298868,0.280552380952381,0.6132728253030386
RUN_119,2025-12-26,GR05,group_1,1,0.805857142857143,1,0,0,0,0.5535551245903154,1.487712117981826,1.0206336212860707,0.30585714285714305,0.5867810963573211
RUN_092,2025-10-06,GR02,group_2,1,0.46283333333333326,0,1,1,0,-0.673118212357393,-1.023423233435004,-0.8482707228961985,0.03716666666666674,0.5851563052185674
RUN_012,2025-02-08,GR06,group_3,1,0.7884428571428572,1,0,0,0,0.7397332946073302,0.9804917211275328,0.8601125078674314,0.2884428571428572,0.5021669682194301
RUN_096,2025-10-18,GR06,group_2,0,0.2745999999999999,0,0,0,0,0.43958848797902933,1.3395471583164231,0.8895678231477262,0.2254000000000001,0.5011339115738631
RUN_111,2025-12-02,GR03,group_3,1,0.7253666666666668,1,0,0,0,0.8953898472955509,0.8330432634745792,0.8642165553850651,0.22536666666666683,0.4884499443591993
RUN_005,2025-01-18,GR05,group_1,1,0.8091,1,0,0,0,0.3646112467565107,1.2490738789441964,0.8068425628503535,0.30910000000000004,0.48069628142517673
RUN_026,2025-03-22,GR02,group_1,1,0.7535499999999998,1,0,0,0,0.5573816152974944,1.0862806765929136,0.821831145945204,0.25354999999999983,0.474303072972602
RUN_013,2025-02-11,GR01,group_3,1,0.848447619047619,1,0,0,0,0.36562246420398997,1.030128213114101,0.6978753386590455,0.348447619047619,0.4360495740914275
RUN_016,2025-02-20,GR04,group_1,1,0.9362333333333333,1,0,0,0,0.28212693620587315,1.0217405307442182,0.6519337334750457,0.43623333333333325,0.43502520007085616
RUN_036,2025-04-21,GR06,group_2,1,0.7427333333333332,1,0,0,0,0.32051578744704184,1.0338902177405387,0.6772030025937903,0.24273333333333325,0.39928483463022846
RUN_011,2025-02-05,GR05,group_1,1,0.8546,1,0,0,0,0.6935905651779,0.5137285053404219,0.6036595352591609,0.3546,0.3904797676295805
RUN_063,2025-07-11,GR03,group_1,0,0.223,0,0,0,0,0.37070095029765776,0.6172828801574679,0.4939919152275628,0.277,0.3162459576137814
RUN_080,2025-08-31,GR02,group_2,0,0.15209999999999996,0,0,0,0,0.4916055965206419,0.3756285743306512,0.4336170854256466,0.34790000000000004,0.3037835427128233
RUN_088,2025-09-24,GR04,group_1,0,0.36879999999999996,0,0,0,0,-0.08921359677157278,1.1122039139609852,0.5114951585947062,0.13120000000000004,0.2885475792973531
RUN_003,2025-01-12,GR03,group_3,1,0.8017666666666666,1,0,0,0,0.5344556920114287,0.2808061420338749,0.4076309170226518,0.3017666666666666,0.27925712517799256
RUN_023,2025-03-13,GR05,group_2,1,0.9239999999999999,1,0,0,0,0.24229371826828044,0.3292080075218006,0.28575086289504054,0.42399999999999993,0.24887543144752025
RUN_008,2025-01-27,GR02,group_2,1,0.8528666666666666,1,0,0,0,0.43977077529437875,0.0913239735417534,0.2655473744180661,0.35286666666666655,0.22099035387569968
RUN_059,2025-06-29,GR05,group_1,0,0.1252,0,0,0,0,-0.18471887510882376,0.6830031182130268,0.24914212155210153,0.3748,0.21827106077605077
RUN_049,2025-05-30,GR01,group_3,0,0.19770000000000001,0,0,0,0,0.37861782343316197,0.18125996958974172,0.2799388965114519,0.3023,0.21554444825572594
RUN_073,2025-08-10,GR01,group_1,0,0.1598333333333333,0,0,0,0,-0.0752896831151836,0.581505837172537,0.2531080770286767,0.34016666666666673,0.21159570518100504
RUN_031,2025-04-06,GR01,group_1,1,0.7576999999999999,1,0,0,0,0.5350019931832538,0.022286853029794027,0.27864442310652393,0.25769999999999993,0.20374721155326195
RUN_044,2025-05-15,GR02,group_2,0,0.43955,0,0,1,0,0.34597648007741344,0.3449208064776651,0.34544864327753927,0.060450000000000004,0.18783682163876964
RUN_103,2025-11-08,GR01,group_2,0,0.4819571428571429,0,0,1,0,-0.0617613495263664,0.6128796072089066,0.2755591288412701,0.018042857142857083,0.1422902787063493
RUN_112,2025-12-05,GR04,group_1,1,0.8011333333333333,1,0,0,0,0.24687398345264452,0.012556784523331678,0.1297153839879881,0.30113333333333325,0.14014102532732736
RUN_065,2025-07-17,GR05,group_1,0,0.24666666666666665,0,0,0,0,-0.021287548083631085,0.3042496896297577,0.1414810707730633,0.25333333333333335,0.13407386871986499
RUN_117,2025-12-20,GR03,group_1,1,0.7223333333333335,1,0,0,0,-0.1589755654108716,0.37147494395626346,0.10624968927269593,0.2223333333333335,0.10870817796968134
RUN_076,2025-08-19,GR04,group_2,0,0.2898,0,0,0,0,-0.25182979498241775,0.46866372047332505,0.10841696274545365,0.2102,0.10675848137272682
RUN_025,2025-03-19,GR01,group_1,1,0.8969,1,0,0,0,0.2961827997850389,-0.35555213092203286,-0.02968466556849697,0.39690000000000003,0.08438266721575152
RUN_053,2025-06-11,GR05,group_3,0,0.2620666666666666,0,0,0,0,-0.12083515784514387,0.20942138882199576,0.044293115488425946,0.23793333333333339,0.08162989107754631
RUN_022,2025-03-10,GR04,group_2,1,0.8967666666666666,1,0,0,0,-0.08217618950249693,-0.010702617784911472,-0.0464394036437042,0.3967666666666666,0.07597196484481455
RUN_061,2025-07-05,GR01,group_1,0,0.3707,0,0,0,0,0.26131355822048813,-0.1146147809356395,0.07334938864242432,0.12930000000000003,0.06899969432121217
RUN_029,2025-03-31,GR05,group_1,1,0.8362428571428572,1,0,0,0,-0.17388352031140952,0.07278223211943297,-0.05055064409598828,0.3362428571428572,0.058785392237720155
RUN_051,2025-06-05,GR03,group_1,0,0.19766666666666666,0,0,0,0,-0.21731636726152886,0.14444923773979873,-0.03643356476086507,0.30233333333333334,0.0573665509529008
RUN_071,2025-08-04,GR05,group_2,0,0.17343333333333333,0,0,0,0,-0.25870863145193357,0.07719722553045535,-0.0907557029607391,0.32656666666666667,0.036263815186297114
RUN_002,2025-01-09,GR02,group_2,1,0.759352380952381,1,0,0,0,-0.25082733097954074,0.12665771594298658,-0.06208480751827708,0.259352380952381,0.03379569147895671
RUN_078,2025-08-25,GR06,group_3,0,0.27986666666666665,0,0,0,0,-0.28057990723471943,0.14974099856499942,-0.06541945433486,0.22013333333333335,0.022323606165903336
RUN_021,2025-03-07,GR03,group_1,1,0.8088666666666666,1,0,0,0,-0.4296266637795263,0.13873756508597368,-0.1454445493467763,0.3088666666666666,0.0044943919932785015
RUN_099,2025-10-27,GR03,group_2,0,0.3668761904761904,0,0,0,0,-0.17717733117930787,0.00753864970669613,-0.08481934073630587,0.1331238095238096,-0.009128717987200538
RUN_038,2025-04-27,GR02,group_2,1,0.6377666666666664,1,0,0,0,-0.2833754698908724,0.07234192143686397,-0.10551677422700423,0.13776666666666637,-0.01831672044683552
RUN_046,2025-05-21,GR04,group_3,0,0.3745142857142857,0,0,0,0,-0.3265039809914822,0.11825445102044334,-0.10412476498551942,0.1254857142857143,-0.020690953921331134
RUN_100,2025-10-30,GR04,group_2,1,0.5944380952380952,1,0,1,0,-0.0652672599242982,-0.1252853314717105,-0.09527629569800436,0.09443809523809521,-0.024028624039478377
RUN_056,2025-06-20,GR02,group_3,0,0.22926190476190478,0,0,0,0,-0.271024333808487,-0.11247874760394459,-0.1917515407062158,0.2707380952380952,-0.028191246543584098
RUN_004,2025-01-15,GR04,group_2,1,0.8974666666666667,1,0,0,0,-0.11932226339477109,-0.3914640315795747,-0.2553931474871729,0.39746666666666675,-0.028329907076919764
RUN_050,2025-06-02,GR02,group_2,0,0.22469999999999998,0,0,0,0,-0.4515168440078184,0.05286845115943013,-0.19932419642419413,0.2753,-0.03083709821209707
RUN_055,2025-06-17,GR01,group_1,0,0.10679047619047623,0,0,0,0,-0.3994857009553335,-0.13237291177075794,-0.2659293063630457,0.3932095238095238,-0.034662272229141894
RUN_018,2025-02-26,GR06,group_2,1,0.8338333333333334,1,0,0,0,-0.3806072145751527,-0.11120152743902045,-0.24590437100708656,0.3338333333333334,-0.039493852170209925
RUN_075,2025-08-16,GR03,group_2,0,0.1727952380952381,0,0,0,0,-0.3166401650958782,-0.1744012872642121,-0.24552072618004517,0.3272047619047619,-0.04095917261383211
RUN_083,2025-09-09,GR05,group_1,0,0.17416666666666666,0,0,0,0,-0.10540992219499237,-0.39015519413735467,-0.2477825581661735,0.3258333333333333,-0.042432945749753426
RUN_048,2025-05-27,GR06,group_3,0,0.34309999999999996,0,0,0,0,-0.30403224082426744,-0.05801771826547269,-0.18102497954487007,0.15690000000000004,-0.051287489772435024
RUN_120,2025-12-29,GR06,group_2,1,0.8368857142857142,1,0,0,0,-0.41927865325484465,-0.12803430143279493,-0.2736564773438198,0.33688571428571423,-0.05260681010048135
RUN_108,2025-11-23,GR06,group_1,1,0.7149000000000001,1,0,0,0,-0.3653198535081329,-0.07542279427081618,-0.22037132388947453,0.2149000000000001,-0.05646066194473724
RUN_070,2025-08-01,GR04,group_3,0,0.055900000000000005,0,0,0,0,-0.4696527709195996,-0.23017917140465827,-0.3499159711621289,0.4441,-0.06393298558106446
RUN_114,2025-12-11,GR06,group_3,1,0.6686761904761903,1,0,0,0,-0.3312277713577265,-0.09463400932154996,-0.21293089033963825,0.1686761904761903,-0.06429639755077154
RUN_009,2025-01-30,GR03,group_1,1,0.7475666666666668,1,0,0,0,-0.26849894889567566,-0.24564276358392634,-0.25707085623980097,0.24756666666666682,-0.06664376145323378
RUN_087,2025-09-21,GR03,group_2,0,0.2476,0,0,0,0,-0.3892392262342606,-0.24140571635324928,-0.31532247129375496,0.2524,-0.09456123564687748
RUN_095,2025-10-15,GR05,group_1,1,0.5715761904761906,1,0,1,0,-0.3943683276637077,-0.0747511081967798,-0.23455971793024377,0.07157619047619057,-0.09938581134607424
RUN_019,2025-03-01,GR01,group_2,1,0.9138428571428571,1,0,0,0,-0.43743171629757355,-0.46763764322188417,-0.45253467975972883,0.41384285714285707,-0.12280662559415015
RUN_047,2025-05-24,GR05,group_1,0,0.4608666666666666,0,0,1,0,-0.3062567186685862,-0.24244464720723954,-0.27435068293791287,0.03913333333333341,-0.12739200813562307
RUN_033,2025-04-12,GR03,group_2,1,0.6945619047619049,1,0,0,0,-0.4777695760943733,-0.22817815973827746,-0.3529738679163254,0.19456190476190494,-0.12784645776768647
RUN_090,2025-09-30,GR06,group_2,0,0.2020333333333333,0,0,0,0,-0.3902064266276347,-0.49948110533731804,-0.4448437659824764,0.2979666666666667,-0.1479302163245715
RUN_030,2025-04-03,GR06,group_2,1,0.6853666666666668,1,0,0,0,-0.4378485638001893,-0.3760694483044135,-0.4069590060523014,0.1853666666666668,-0.157137836359484
RUN_037,2025-04-24,GR01,group_2,1,0.6599333333333334,1,0,0,0,-0.3235363444398287,-0.5497646917400805,-0.4366505180899546,0.15993333333333337,-0.17834192571164395
RUN_068,2025-07-26,GR02,group_1,0,0.20855714285714289,0,0,0,0,-0.49325093461184144,-0.5320344729253509,-0.5126427037685961,0.2914428571428571,-0.18346063759858378
RUN_057,2025-06-23,GR03,group_1,0,0.23701428571428573,0,0,0,0,-0.5572376785674857,-0.4648455257301773,-0.5110416021488315,0.26298571428571427,-0.1897743725029872
RUN_045,2025-05-18,GR03,group_1,0,0.4654333333333335,0,0,1,0,-0.46381497955773826,-0.33954100374431234,-0.4016779916510253,0.03456666666666652,-0.19219732915884602
RUN_074,2025-08-13,GR02,group_2,0,0.23329999999999998,0,0,0,0,-0.45735631334834875,-0.700355607748933,-0.5788559605486409,0.26670000000000005,-0.22275298027432042
RUN_066,2025-07-20,GR06,group_3,0,0.16263333333333332,0,0,0,0,-0.5917688786667303,-0.6513685184814587,-0.6215686985740945,0.3373666666666667,-0.22644268262038056
RUN_028,2025-03-28,GR04,group_3,1,0.8361,1,0,0,0,-0.47447591185875015,-0.8058983210795838,-0.640187116469167,0.33609999999999995,-0.23606855823458353
RUN_007,2025-01-24,GR01,group_3,1,0.8396000000000001,1,0,0,0,-0.6660987016239623,-0.6433884333445687,-0.6547435674842655,0.3396000000000001,-0.24247178374213274
RUN_105,2025-11-14,GR03,group_2,1,0.7483761904761905,1,0,0,0,-0.5076990420494877,-0.7167048863709227,-0.6122019642102052,0.24837619047619053,-0.24400693448605498
RUN_015,2025-02-17,GR03,group_2,1,0.7976976190476192,1,0,0,0,-0.55562101177545,-0.7683820401079655,-0.6620015259417078,0.29769761904761916,-0.2565763582089491
RUN_102,2025-11-05,GR06,group_2,1,0.5899666666666668,1,0,1,0,-0.524953579270933,-0.5938248945740194,-0.5593892369224762,0.08996666666666675,-0.2572029517945714
RUN_058,2025-06-26,GR04,group_2,0,0.2509,0,0,0,0,-0.6872310490457109,-0.6487208391039689,-0.6679759440748398,0.2491,-0.27171297203741995
RUN_054,2025-06-14,GR06,group_3,0,0.30648571428571425,0,0,0,0,-0.602383914324095,-0.6792021827475233,-0.6407930485358091,0.19351428571428575,-0.2720179528393331
RUN_034,2025-04-15,GR04,group_3,1,0.6535666666666667,1,0,0,0,-0.46260066224480567,-0.8322752717066154,-0.6474379669757105,0.15356666666666674,-0.2853273168211886
RUN_027,2025-03-25,GR03,group_2,1,0.7968333333333331,1,0,0,0,-0.5150378139782633,-0.9815487990959493,-0.7482933065371062,0.29683333333333306,-0.29993831993521985
RUN_042,2025-05-09,GR06,group_2,0,0.4038571428571429,0,0,1,0,-0.7065768431949833,-0.7211483605423097,-0.7138626018686465,0.09614285714285709,-0.33289558664860897
RUN_052,2025-06-08,GR04,group_2,0,0.3052,0,0,0,0,-0.690854803110742,-0.9053709915787403,-0.7981128973447411,0.19479999999999997,-0.3503564486723706
RUN_104,2025-11-11,GR02,group_3,1,0.6414,1,0,0,0,-0.5371726563081666,-1.023302556002259,-0.7802376061552128,0.14139999999999997,-0.3547688030776064
RUN_032,2025-04-09,GR02,group_3,1,0.7293999999999998,1,0,0,0,-0.4974632681792994,-1.1694422557130537,-0.8334527619461766,0.22939999999999983,-0.3593763809730883
RUN_024,2025-03-16,GR06,group_2,1,0.7967,1,0,0,0,-0.7499498649862119,-1.0142694480634074,-0.8821096565248097,0.29669999999999996,-0.36687982826240484
RUN_085,2025-09-15,GR01,group_1,0,0.22045,0,0,0,0,-0.6690559104638166,-1.1137226468180594,-0.8913892786409381,0.27954999999999997,-0.37580713932046905
RUN_079,2025-08-28,GR01,group_1,0,0.1641904761904762,0,0,0,0,-0.5565818306452539,-1.2884862085806539,-0.9225340196129539,0.3358095238095238,-0.377314628854096
RUN_084,2025-09-12,GR06,group_2,0,0.25545,0,0,0,0,-0.6351019251491793,-1.1298606113477991,-0.8824812682484893,0.24455,-0.3801031341242446
RUN_017,2025-02-23,GR05,group_3,1,0.8473166666666666,1,0,0,0,-0.6298067043459962,-1.2449702608240378,-0.937388482585017,0.3473166666666666,-0.38186507462584185
RUN_010,2025-02-02,GR04,group_3,1,0.7714,1,0,0,0,-0.6203862372321894,-1.2054388166148982,-0.9129125269235439,0.2714,-0.38860626346177196
RUN_069,2025-07-29,GR03,group_1,0,0.23106666666666667,0,0,0,0,-0.7971510419384089,-1.0370666909473025,-0.9171088664428557,0.26893333333333336,-0.3913210998880945
RUN_067,2025-07-23,GR01,group_3,0,0.21086666666666667,0,0,0,0,-0.773059002775484,-1.1955662260175794,-0.9843126143965317,0.28913333333333335,-0.4198729738649325
RUN_097,2025-10-21,GR01,group_2,0,0.25572222222222224,0,0,0,0,-0.7401887469448464,-1.2448075491117296,-0.992498148028288,0.24427777777777776,-0.4351796295696995
RUN_020,2025-03-04,GR02,group_1,1,0.8237666666666666,1,0,0,0,-0.851148591746793,-1.2524125885120918,-1.0517805901294424,0.32376666666666665,-0.4449486283980545
RUN_006,2025-01-21,GR06,group_3,1,0.8496666666666668,1,0,0,0,-0.8132025957624192,-1.3293054363776156,-1.0712540160700175,0.3496666666666668,-0.44821034136834204
RUN_041,2025-05-06,GR05,group_2,0,0.3170166666666667,0,0,0,0,-0.805263326558198,-1.2688711139821958,-1.037067220270197,0.18298333333333328,-0.47278777680176515
RUN_110,2025-11-29,GR02,group_2,1,0.8032000000000002,1,0,0,0,-0.8125139161136539,-1.400334344220579,-1.1064241301671163,0.30320000000000025,-0.47741206508355805
RUN_014,2025-02-14,GR02,group_1,1,0.8803,1,0,0,0,-0.9295515127615911,-1.5803276003289628,-1.254939556545277,0.38029999999999997,-0.5323947782726385
RUN_077,2025-08-22,GR05,group_3,0,0.23703333333333332,0,0,0,0,-0.848888654479777,-1.752257641578905,-1.300573148029341,0.2629666666666667,-0.5845449073480038
RUN_064,2025-07-14,GR04,group_3,0,0.12840000000000004,0,0,0,0,-0.9959448876773246,-1.9274896558707895,-1.461717271774057,0.37159999999999993,-0.6379586358870285
