PC,Rank,Feature,cos2
PC1,1,feature_7_median_WINDOW_3,0.87829077579799
PC1,2,feature_7_median_WINDOW_2,0.8777122909585103
PC1,3,feature_7_median_WINDOW_1,0.8763291409504572
PC1,4,feature_6_median_WINDOW_1,0.8420532065762214
PC1,5,feature_6_median_WINDOW_2,0.8404220195992648
PC1,6,feature_6_median_WINDOW_3,0.8386421235850454
PC1,7,feature_1_block_median_WINDOW_3,0.7906600699511563
PC1,8,feature_1_block_median_WINDOW_2,0.6474180914791752
PC1,9,feature_1_block_slope_WINDOW_2,0.5286663322860393
PC1,10,feature_1_block_slope_WINDOW_3,0.5191737385205096
PC1,11,feature_5_median_WINDOW_2,0.40687926779519273
PC1,12,feature_1_block_slope_WINDOW_1,0.40321546475926473
PC1,13,feature_5_median_WINDOW_3,0.3449177356369184
PC1,14,feature_5_median_WINDOW_1,0.3431218640256986
PC1,15,feature_1_block_median_WINDOW_1,0.30492541223106284
PC1,16,feature_7_resid_std_WINDOW_3,0.070387703855454
PC1,17,feature_7_resid_std_WINDOW_1,0.07031752354791582
PC1,18,feature_7_resid_std_WINDOW_2,0.06712423371726241
PC1,19,feature_7_slope_WINDOW_3,0.06263561211478419
PC1,20,feature_7_slope_WINDOW_1,0.05534991880470972
PC2,1,feature_7_resid_std_WINDOW_3,0.5106292611499162
PC2,2,feature_7_resid_std_WINDOW_1,0.5091895171468245
PC2,3,feature_7_resid_std_WINDOW_2,0.4988838500373779
PC2,4,feature_6_resid_std_WINDOW_2,0.41261401977359097
PC2,5,feature_6_resid_std_WINDOW_1,0.3910340528952469
PC2,6,feature_7_slope_WINDOW_2,0.3875058557381579
PC2,7,feature_6_resid_std_WINDOW_3,0.3859587364615849
PC2,8,feature_7_slope_WINDOW_1,0.38255817496724376
PC2,9,feature_6_lag1_autocorr_WINDOW_3,0.3618760631106664
PC2,10,feature_6_lag1_autocorr_WINDOW_2,0.3518698408047421
PC2,11,feature_3_median_WINDOW_3,0.2340250546094408
PC2,12,feature_3_median_WINDOW_2,0.23337983196847592
PC2,13,feature_6_lag1_autocorr_WINDOW_1,0.19876422512998537
PC2,14,feature_3_median_WINDOW_1,0.18961642347575355
PC2,15,feature_6_slope_WINDOW_2,0.16109849496057893
PC2,16,feature_3_dominant_freq_WINDOW_3,0.1162258831200614
PC2,17,feature_1_block_resid_std_WINDOW_3,0.11255704926283451
PC2,18,feature_1_block_median_WINDOW_1,0.07264297277186427
PC2,19,feature_1_block_median_WINDOW_2,0.058424268084393424
PC2,20,feature_7_slope_WINDOW_3,0.051912537957645215
PC3,1,feature_6_resid_std_WINDOW_1,0.4422472589761423
PC3,2,feature_6_resid_std_WINDOW_3,0.439962346672317
PC3,3,feature_6_resid_std_WINDOW_2,0.43990749795328143
PC3,4,feature_6_lag1_autocorr_WINDOW_3,0.3911625203647511
PC3,5,feature_3_median_WINDOW_1,0.3884395752475328
PC3,6,feature_6_lag1_autocorr_WINDOW_2,0.341733813882666
PC3,7,feature_3_median_WINDOW_3,0.33388035737759414
PC3,8,feature_3_median_WINDOW_2,0.32077238253446205
PC3,9,feature_5_median_WINDOW_1,0.2649652098568123
PC3,10,feature_5_median_WINDOW_3,0.23119730259266197
PC3,11,feature_5_median_WINDOW_2,0.20283045116997647
PC3,12,feature_6_lag1_autocorr_WINDOW_1,0.12554530287374036
PC3,13,feature_7_slope_WINDOW_2,0.1162495087030505
PC3,14,feature_1_block_resid_std_WINDOW_1,0.11514383013077491
PC3,15,feature_6_slope_WINDOW_2,0.10001492658852966
PC3,16,feature_7_slope_WINDOW_1,0.09938111319435323
PC3,17,feature_7_resid_std_WINDOW_1,0.09915236263161747
PC3,18,feature_7_resid_std_WINDOW_2,0.09883059027497412
PC3,19,feature_7_resid_std_WINDOW_3,0.09793681638023208
PC3,20,feature_1_block_dominant_freq_WINDOW_2,0.0957835916031898
PC4,1,feature_7_resid_std_WINDOW_2,0.2589493440109978
PC4,2,feature_7_resid_std_WINDOW_3,0.25431273672009336
PC4,3,feature_7_resid_std_WINDOW_1,0.2526631364323538
PC4,4,feature_7_slope_WINDOW_1,0.2480438104391458
PC4,5,feature_3_median_WINDOW_2,0.22937471765205142
PC4,6,feature_3_median_WINDOW_1,0.21064782219187206
PC4,7,feature_7_slope_WINDOW_2,0.2025882967542171
PC4,8,feature_3_median_WINDOW_3,0.18803654852157253
PC4,9,feature_5_median_WINDOW_3,0.18627927491961724
PC4,10,feature_5_median_WINDOW_1,0.16817120677457167
PC4,11,feature_5_resid_std_WINDOW_3,0.16689407905066894
PC4,12,feature_5_median_WINDOW_2,0.15382967310150047
PC4,13,feature_5_lag1_autocorr_WINDOW_3,0.13564004975295438
PC4,14,feature_7_slope_WINDOW_3,0.11357170187000243
PC4,15,feature_1_block_median_WINDOW_1,0.10426775365011368
PC4,16,feature_1_block_resid_std_WINDOW_3,0.09946188473185293
PC4,17,feature_5_dominant_freq_WINDOW_3,0.08064001164822737
PC4,18,feature_6_resid_std_WINDOW_3,0.06380439615094652
PC4,19,feature_6_resid_std_WINDOW_2,0.05947623168997418
PC4,20,feature_1_block_median_WINDOW_2,0.05941520009174887
PC5,1,feature_5_lag1_autocorr_WINDOW_2,0.2576505896020487
PC5,2,feature_7_lag1_autocorr_WINDOW_3,0.2505184449257735
PC5,3,feature_1_block_lag1_autocorr_WINDOW_1,0.2204924135268377
PC5,4,feature_7_lag1_autocorr_WINDOW_2,0.18535702828982178
PC5,5,feature_5_resid_std_WINDOW_2,0.137198434778453
PC5,6,feature_5_dominant_freq_WINDOW_2,0.13169177717030425
PC5,7,feature_1_block_resid_std_WINDOW_1,0.12909630692863733
PC5,8,feature_3_dominant_freq_WINDOW_1,0.11942612701405417
PC5,9,feature_3_lag1_autocorr_WINDOW_2,0.10922128731875237
PC5,10,feature_5_dominant_freq_WINDOW_1,0.10758769018784806
PC5,11,feature_1_block_lag1_autocorr_WINDOW_3,0.10011808818183854
PC5,12,feature_1_block_resid_std_WINDOW_2,0.09066594201612632
PC5,13,feature_5_dominant_freq_WINDOW_3,0.07796526243422869
PC5,14,feature_3_lag1_autocorr_WINDOW_1,0.07540402330592373
PC5,15,feature_1_block_dominant_freq_WINDOW_2,0.07446496251443818
PC5,16,feature_3_lag1_autocorr_WINDOW_3,0.07238451803295741
PC5,17,feature_1_block_dominant_freq_WINDOW_1,0.06553465394857305
PC5,18,feature_6_dominant_freq_WINDOW_2,0.06524651609101165
PC5,19,feature_1_block_lag1_autocorr_WINDOW_2,0.05603290887277245
PC5,20,feature_6_slope_WINDOW_1,0.05562594268619986
PC6,1,feature_5_resid_std_WINDOW_1,0.22241698358239537
PC6,2,feature_3_slope_WINDOW_2,0.1620206578359604
PC6,3,feature_5_dominant_freq_WINDOW_1,0.14059168346137554
PC6,4,feature_3_lag1_autocorr_WINDOW_2,0.1357000537769838
PC6,5,feature_6_dominant_freq_WINDOW_3,0.13266314207479163
PC6,6,feature_5_resid_std_WINDOW_2,0.13116162966918368
PC6,7,feature_3_resid_std_WINDOW_3,0.12064496104194819
PC6,8,feature_3_slope_WINDOW_1,0.11804516939655674
PC6,9,feature_5_dominant_freq_WINDOW_2,0.09716686528094048
PC6,10,feature_1_block_lag1_autocorr_WINDOW_3,0.09701760739767655
PC6,11,feature_1_block_resid_std_WINDOW_2,0.09522201280952622
PC6,12,feature_7_lag1_autocorr_WINDOW_1,0.09105188448239547
PC6,13,feature_1_block_dominant_freq_WINDOW_2,0.0876954449741157
PC6,14,feature_6_dominant_freq_WINDOW_1,0.08760414815113997
PC6,15,feature_3_resid_std_WINDOW_2,0.07754150828300271
PC6,16,feature_5_slope_WINDOW_1,0.07148357895242503
PC6,17,feature_3_resid_std_WINDOW_1,0.061858060154814425
PC6,18,feature_3_median_WINDOW_2,0.06119733458709497
PC6,19,feature_3_median_WINDOW_3,0.05906689917308727
PC6,20,feature_5_slope_WINDOW_3,0.05109572475437357
PC7,1,feature_5_dominant_freq_WINDOW_3,0.18663780083424772
PC7,2,feature_6_dominant_freq_WINDOW_1,0.18354477404959837
PC7,3,feature_6_slope_WINDOW_3,0.18225918689868187
PC7,4,feature_1_block_resid_std_WINDOW_3,0.17365581915555675
PC7,5,feature_1_block_dominant_freq_WINDOW_1,0.16692345665772054
PC7,6,feature_3_slope_WINDOW_1,0.15966661130076779
PC7,7,feature_5_resid_std_WINDOW_3,0.14953292816000194
PC7,8,feature_1_block_resid_std_WINDOW_1,0.1300373773199498
PC7,9,feature_3_slope_WINDOW_3,0.1183276888959395
PC7,10,feature_3_dominant_freq_WINDOW_1,0.0924939885385706
PC7,11,feature_1_block_dominant_freq_WINDOW_3,0.0911575170636216
PC7,12,feature_5_lag1_autocorr_WINDOW_1,0.0896740487018789
PC7,13,feature_3_lag1_autocorr_WINDOW_1,0.06919507969603043
PC7,14,feature_6_dominant_freq_WINDOW_2,0.062245738961575425
PC7,15,feature_3_resid_std_WINDOW_1,0.06100072633744029
PC7,16,feature_3_lag1_autocorr_WINDOW_3,0.05728703347624529
PC7,17,feature_6_dominant_freq_WINDOW_3,0.05262664196117862
PC7,18,feature_5_dominant_freq_WINDOW_2,0.04278071064000526
PC7,19,feature_6_slope_WINDOW_1,0.039711465175200626
PC7,20,feature_1_block_lag1_autocorr_WINDOW_3,0.03592582088464688
PC8,1,feature_3_slope_WINDOW_3,0.31564909431797356
PC8,2,feature_1_block_lag1_autocorr_WINDOW_2,0.30440323600112296
PC8,3,feature_3_lag1_autocorr_WINDOW_3,0.2705762556016114
PC8,4,feature_5_slope_WINDOW_3,0.157615203582252
PC8,5,feature_3_resid_std_WINDOW_3,0.13699816700367784
PC8,6,feature_7_lag1_autocorr_WINDOW_3,0.12680426646088552
PC8,7,feature_1_block_lag1_autocorr_WINDOW_3,0.08746983288580015
PC8,8,feature_6_slope_WINDOW_1,0.0583680579728677
PC8,9,feature_6_dominant_freq_WINDOW_1,0.057420153305598756
PC8,10,feature_7_slope_WINDOW_3,0.05429931106123453
PC8,11,feature_5_slope_WINDOW_2,0.05241776007986714
PC8,12,feature_1_block_dominant_freq_WINDOW_2,0.04818936032293719
PC8,13,feature_1_block_slope_WINDOW_2,0.040080985142556536
PC8,14,feature_5_dominant_freq_WINDOW_3,0.03835840087918497
PC8,15,feature_5_dominant_freq_WINDOW_1,0.03815313712987949
PC8,16,feature_1_block_resid_std_WINDOW_2,0.03586208604975463
PC8,17,feature_5_dominant_freq_WINDOW_2,0.02645514232706163
PC8,18,feature_6_dominant_freq_WINDOW_2,0.0262994663161561
PC8,19,feature_6_lag1_autocorr_WINDOW_3,0.024112732728478924
PC8,20,feature_3_dominant_freq_WINDOW_1,0.021685333719714896
PC9,1,feature_5_dominant_freq_WINDOW_2,0.2046056002874125
PC9,2,feature_3_dominant_freq_WINDOW_1,0.182316003415224
PC9,3,feature_3_resid_std_WINDOW_3,0.12457563740787451
PC9,4,feature_1_block_dominant_freq_WINDOW_2,0.11075098041533946
PC9,5,feature_3_resid_std_WINDOW_1,0.1047769242416479
PC9,6,feature_5_lag1_autocorr_WINDOW_2,0.10296943383215888
PC9,7,feature_1_block_lag1_autocorr_WINDOW_3,0.10078006506654416
PC9,8,feature_5_resid_std_WINDOW_2,0.08297351185421419
PC9,9,feature_5_slope_WINDOW_3,0.08037831420776159
PC9,10,feature_3_dominant_freq_WINDOW_3,0.0800393770330956
PC9,11,feature_6_slope_WINDOW_1,0.07617268164044172
PC9,12,feature_5_lag1_autocorr_WINDOW_3,0.07262786313828268
PC9,13,feature_5_resid_std_WINDOW_3,0.0720182712606245
PC9,14,feature_1_block_resid_std_WINDOW_3,0.07190334017479964
PC9,15,feature_1_block_dominant_freq_WINDOW_3,0.06417020543144446
PC9,16,feature_3_lag1_autocorr_WINDOW_3,0.06281012891810042
PC9,17,feature_5_dominant_freq_WINDOW_3,0.04989835887257009
PC9,18,feature_7_lag1_autocorr_WINDOW_2,0.04622866538565735
PC9,19,feature_1_block_resid_std_WINDOW_2,0.044309022578107406
PC9,20,feature_3_lag1_autocorr_WINDOW_2,0.03756069000871391
PC10,1,feature_3_dominant_freq_WINDOW_2,0.2661934861854899
PC10,2,feature_3_resid_std_WINDOW_2,0.21267531910970935
PC10,3,feature_1_block_dominant_freq_WINDOW_3,0.18777015957487414
PC10,4,feature_1_block_lag1_autocorr_WINDOW_2,0.14722132108816027
PC10,5,feature_1_block_resid_std_WINDOW_2,0.13883221770983387
PC10,6,feature_3_slope_WINDOW_2,0.09913530697849407
PC10,7,feature_5_resid_std_WINDOW_3,0.09742988036942812
PC10,8,feature_6_slope_WINDOW_3,0.0700990574651898
PC10,9,feature_3_lag1_autocorr_WINDOW_2,0.06694363791273945
PC10,10,feature_7_lag1_autocorr_WINDOW_2,0.0660609535275523
PC10,11,feature_5_dominant_freq_WINDOW_3,0.06055255823076102
PC10,12,feature_1_block_resid_std_WINDOW_3,0.060221628639979374
PC10,13,feature_6_dominant_freq_WINDOW_2,0.05605616669244428
PC10,14,feature_1_block_lag1_autocorr_WINDOW_1,0.04082260836498399
PC10,15,feature_7_lag1_autocorr_WINDOW_1,0.03797184293167975
PC10,16,feature_3_slope_WINDOW_3,0.03744582090899522
PC10,17,feature_6_lag1_autocorr_WINDOW_1,0.030432716882272715
PC10,18,feature_5_lag1_autocorr_WINDOW_1,0.022974526123757368
PC10,19,feature_5_resid_std_WINDOW_1,0.02270621913958398
PC10,20,feature_6_slope_WINDOW_1,0.021875019327423542
PC11,1,feature_5_resid_std_WINDOW_1,0.24485630441732706
PC11,2,feature_6_dominant_freq_WINDOW_2,0.20439884842420797
PC11,3,feature_6_dominant_freq_WINDOW_3,0.17753483944926798
PC11,4,feature_5_dominant_freq_WINDOW_1,0.10635721383593767
PC11,5,feature_5_slope_WINDOW_1,0.10144607975464628
PC11,6,feature_5_dominant_freq_WINDOW_3,0.08004994250010823
PC11,7,feature_6_dominant_freq_WINDOW_1,0.06956736427321893
PC11,8,feature_6_lag1_autocorr_WINDOW_1,0.06642034621141474
PC11,9,feature_1_block_dominant_freq_WINDOW_3,0.06329209423246046
PC11,10,feature_1_block_slope_WINDOW_1,0.061902488742361025
PC11,11,feature_5_lag1_autocorr_WINDOW_3,0.0525224851710136
PC11,12,feature_5_lag1_autocorr_WINDOW_1,0.05189286742879613
PC11,13,feature_3_lag1_autocorr_WINDOW_3,0.05043358763836543
PC11,14,feature_1_block_dominant_freq_WINDOW_1,0.04894674035350519
PC11,15,feature_3_slope_WINDOW_2,0.03999150776984574
PC11,16,feature_3_lag1_autocorr_WINDOW_1,0.03905618945697425
PC11,17,feature_1_block_median_WINDOW_1,0.0386838627696002
PC11,18,feature_1_block_slope_WINDOW_3,0.037469980378266064
PC11,19,feature_5_resid_std_WINDOW_3,0.03399193982606496
PC11,20,feature_7_lag1_autocorr_WINDOW_3,0.03009591306908873
PC12,1,feature_3_dominant_freq_WINDOW_3,0.18282683864797913
PC12,2,feature_3_resid_std_WINDOW_1,0.17372857038592396
PC12,3,feature_3_resid_std_WINDOW_3,0.14061159149408115
PC12,4,feature_5_lag1_autocorr_WINDOW_1,0.1122455192443448
PC12,5,feature_5_slope_WINDOW_2,0.1046663722168231
PC12,6,feature_1_block_median_WINDOW_1,0.10206532540103476
PC12,7,feature_3_dominant_freq_WINDOW_1,0.07917962637701517
PC12,8,feature_5_dominant_freq_WINDOW_2,0.07627008529817257
PC12,9,feature_5_resid_std_WINDOW_3,0.07078661648237179
PC12,10,feature_1_block_dominant_freq_WINDOW_3,0.0665313181384606
PC12,11,feature_1_block_slope_WINDOW_1,0.05942381369850845
PC12,12,feature_7_lag1_autocorr_WINDOW_2,0.05626282306894712
PC12,13,feature_1_block_dominant_freq_WINDOW_1,0.05576893963622316
PC12,14,feature_3_slope_WINDOW_3,0.049027808018970394
PC12,15,feature_5_slope_WINDOW_1,0.04622174085399696
PC12,16,feature_1_block_lag1_autocorr_WINDOW_1,0.043278149780486094
PC12,17,feature_6_dominant_freq_WINDOW_2,0.032647304363372945
PC12,18,feature_3_lag1_autocorr_WINDOW_1,0.031035597651378567
PC12,19,feature_1_block_median_WINDOW_2,0.030549980975798165
PC12,20,feature_3_lag1_autocorr_WINDOW_2,0.02967758626836147
PC13,1,feature_6_slope_WINDOW_3,0.2238303805821163
PC13,2,feature_3_slope_WINDOW_1,0.1814558441799504
PC13,3,feature_5_slope_WINDOW_2,0.1649340966533209
PC13,4,feature_3_slope_WINDOW_2,0.1375196447150651
PC13,5,feature_5_resid_std_WINDOW_2,0.09425512410386175
PC13,6,feature_5_slope_WINDOW_1,0.06810351504216453
PC13,7,feature_1_block_median_WINDOW_1,0.055491817756574933
PC13,8,feature_7_slope_WINDOW_3,0.04823695106547542
PC13,9,feature_6_dominant_freq_WINDOW_1,0.0459941271091096
PC13,10,feature_6_dominant_freq_WINDOW_2,0.04482743308857245
PC13,11,feature_5_lag1_autocorr_WINDOW_3,0.043967011420779155
PC13,12,feature_5_slope_WINDOW_3,0.03971837296913088
PC13,13,feature_3_lag1_autocorr_WINDOW_1,0.03855938643763199
PC13,14,feature_6_lag1_autocorr_WINDOW_2,0.035109788979181544
PC13,15,feature_5_dominant_freq_WINDOW_3,0.028139835071719146
PC13,16,feature_1_block_median_WINDOW_2,0.024392338482474758
PC13,17,feature_5_dominant_freq_WINDOW_1,0.023600300939906112
PC13,18,feature_1_block_slope_WINDOW_1,0.022631528479185346
PC13,19,feature_5_lag1_autocorr_WINDOW_1,0.021734126876050287
PC13,20,feature_6_lag1_autocorr_WINDOW_1,0.02171126296579292
PC14,1,feature_1_block_resid_std_WINDOW_1,0.1319993654195587
PC14,2,feature_3_dominant_freq_WINDOW_3,0.11457091814765309
PC14,3,feature_5_slope_WINDOW_2,0.10789005602257183
PC14,4,feature_5_slope_WINDOW_3,0.1066318750990941
PC14,5,feature_6_slope_WINDOW_2,0.09682556096013357
PC14,6,feature_3_slope_WINDOW_2,0.06982645489902403
PC14,7,feature_7_lag1_autocorr_WINDOW_1,0.06345064749940721
PC14,8,feature_1_block_lag1_autocorr_WINDOW_3,0.058918893307635736
PC14,9,feature_6_dominant_freq_WINDOW_1,0.05496835971264358
PC14,10,feature_1_block_slope_WINDOW_3,0.05479251533306313
PC14,11,feature_5_slope_WINDOW_1,0.05365421496443353
PC14,12,feature_3_lag1_autocorr_WINDOW_2,0.05357568708818579
PC14,13,feature_3_slope_WINDOW_1,0.051443244227102176
PC14,14,feature_6_slope_WINDOW_1,0.04479919060510402
PC14,15,feature_3_resid_std_WINDOW_3,0.04234378179749459
PC14,16,feature_3_slope_WINDOW_3,0.0419684644144864
PC14,17,feature_1_block_resid_std_WINDOW_2,0.03683398398099065
PC14,18,feature_3_resid_std_WINDOW_1,0.03580147712995365
PC14,19,feature_1_block_slope_WINDOW_1,0.02930714328339299
PC14,20,feature_1_block_lag1_autocorr_WINDOW_2,0.028321374928710976
PC15,1,feature_7_lag1_autocorr_WINDOW_1,0.1803076184675874
PC15,2,feature_1_block_resid_std_WINDOW_2,0.1584505331065974
PC15,3,feature_5_slope_WINDOW_2,0.1421983801372603
PC15,4,feature_1_block_slope_WINDOW_1,0.11396592609133956
PC15,5,feature_3_slope_WINDOW_1,0.09417523344177046
PC15,6,feature_5_lag1_autocorr_WINDOW_1,0.08433167195705105
PC15,7,feature_3_dominant_freq_WINDOW_1,0.0789957535352432
PC15,8,feature_1_block_dominant_freq_WINDOW_2,0.07170284776787236
PC15,9,feature_3_lag1_autocorr_WINDOW_3,0.05932233538811212
PC15,10,feature_3_resid_std_WINDOW_2,0.051825594075561136
PC15,11,feature_1_block_dominant_freq_WINDOW_1,0.042857648024541874
PC15,12,feature_3_resid_std_WINDOW_3,0.0393142201987377
PC15,13,feature_7_slope_WINDOW_3,0.03302458416067675
PC15,14,feature_6_dominant_freq_WINDOW_2,0.030645827809688008
PC15,15,feature_3_dominant_freq_WINDOW_3,0.029427197184266694
PC15,16,feature_3_dominant_freq_WINDOW_2,0.02531583144020334
PC15,17,feature_3_lag1_autocorr_WINDOW_2,0.019860398938118338
PC15,18,feature_7_slope_WINDOW_2,0.019230604602654838
PC15,19,feature_3_slope_WINDOW_3,0.01900763882389543
PC15,20,feature_6_lag1_autocorr_WINDOW_2,0.018330798256395067
PC16,1,feature_6_dominant_freq_WINDOW_3,0.1790083812150275
PC16,2,feature_5_dominant_freq_WINDOW_1,0.12570340480385472
PC16,3,feature_6_slope_WINDOW_2,0.12258646623138957
PC16,4,feature_3_lag1_autocorr_WINDOW_1,0.11404351648808618
PC16,5,feature_6_dominant_freq_WINDOW_1,0.09955953866722163
PC16,6,feature_6_slope_WINDOW_1,0.09406287697326139
PC16,7,feature_1_block_dominant_freq_WINDOW_1,0.07064334714034218
PC16,8,feature_5_resid_std_WINDOW_1,0.04533019929236278
PC16,9,feature_5_slope_WINDOW_1,0.04395099665568722
PC16,10,feature_1_block_slope_WINDOW_2,0.03955862318886175
PC16,11,feature_1_block_median_WINDOW_1,0.03522576397428669
PC16,12,feature_1_block_dominant_freq_WINDOW_2,0.034405112143503246
PC16,13,feature_5_dominant_freq_WINDOW_3,0.03218407007739967
PC16,14,feature_1_block_slope_WINDOW_3,0.030780517357486107
PC16,15,feature_3_lag1_autocorr_WINDOW_2,0.03038635586728439
PC16,16,feature_3_slope_WINDOW_1,0.0290366317893324
PC16,17,feature_6_lag1_autocorr_WINDOW_3,0.024801660615319458
PC16,18,feature_3_resid_std_WINDOW_2,0.02394202805175997
PC16,19,feature_3_dominant_freq_WINDOW_2,0.021961811768784274
PC16,20,feature_6_dominant_freq_WINDOW_2,0.018678193285066813
PC17,1,feature_5_slope_WINDOW_3,0.1472055444322309
PC17,2,feature_1_block_dominant_freq_WINDOW_1,0.11880656951657598
PC17,3,feature_7_lag1_autocorr_WINDOW_1,0.10255021988631649
PC17,4,feature_5_lag1_autocorr_WINDOW_3,0.10166343211687486
PC17,5,feature_3_slope_WINDOW_2,0.06952902555570378
PC17,6,feature_3_slope_WINDOW_1,0.06190288031723484
PC17,7,feature_1_block_lag1_autocorr_WINDOW_1,0.05928620321420321
PC17,8,feature_5_lag1_autocorr_WINDOW_1,0.05746081033036686
PC17,9,feature_3_dominant_freq_WINDOW_1,0.05743852945067085
PC17,10,feature_6_slope_WINDOW_1,0.05530481319351147
PC17,11,feature_1_block_lag1_autocorr_WINDOW_2,0.04507680920097382
PC17,12,feature_6_dominant_freq_WINDOW_3,0.04261924297537345
PC17,13,feature_3_resid_std_WINDOW_1,0.040639766653566625
PC17,14,feature_1_block_resid_std_WINDOW_1,0.030964376572691608
PC17,15,feature_5_slope_WINDOW_1,0.022545255694110783
PC17,16,feature_7_lag1_autocorr_WINDOW_2,0.01837656201694953
PC17,17,feature_6_lag1_autocorr_WINDOW_1,0.01836933120259331
PC17,18,feature_5_lag1_autocorr_WINDOW_2,0.018099633774643163
PC17,19,feature_6_slope_WINDOW_2,0.017576397377344795
PC17,20,feature_1_block_resid_std_WINDOW_3,0.017140059707593847
PC18,1,feature_5_dominant_freq_WINDOW_1,0.14045081398637269
PC18,2,feature_5_lag1_autocorr_WINDOW_2,0.12364122299142068
PC18,3,feature_6_dominant_freq_WINDOW_2,0.09486316832294225
PC18,4,feature_7_lag1_autocorr_WINDOW_2,0.07753641485332434
PC18,5,feature_3_dominant_freq_WINDOW_3,0.07432261041285453
PC18,6,feature_5_slope_WINDOW_1,0.06456534323018315
PC18,7,feature_5_dominant_freq_WINDOW_2,0.05907327691966938
PC18,8,feature_1_block_resid_std_WINDOW_1,0.0520457365866697
PC18,9,feature_3_lag1_autocorr_WINDOW_1,0.05003636122798523
PC18,10,feature_5_lag1_autocorr_WINDOW_3,0.04353404634324002
PC18,11,feature_1_block_dominant_freq_WINDOW_2,0.04199245966575038
PC18,12,feature_7_slope_WINDOW_3,0.03868365785352269
PC18,13,feature_5_slope_WINDOW_3,0.029782823415108267
PC18,14,feature_3_slope_WINDOW_1,0.027377164490505482
PC18,15,feature_5_resid_std_WINDOW_1,0.023832291725472465
PC18,16,feature_1_block_dominant_freq_WINDOW_1,0.023381850982886327
PC18,17,feature_3_resid_std_WINDOW_1,0.022966677423185228
PC18,18,feature_1_block_lag1_autocorr_WINDOW_2,0.01988593492220074
PC18,19,feature_1_block_resid_std_WINDOW_3,0.017951872902034323
PC18,20,feature_1_block_lag1_autocorr_WINDOW_1,0.01776317127937376
PC19,1,feature_3_dominant_freq_WINDOW_2,0.22792061663257535
PC19,2,feature_7_slope_WINDOW_3,0.104654281459666
PC19,3,feature_7_lag1_autocorr_WINDOW_2,0.09241644349979021
PC19,4,feature_7_lag1_autocorr_WINDOW_3,0.07169718631540135
PC19,5,feature_3_resid_std_WINDOW_2,0.06565592404029837
PC19,6,feature_5_resid_std_WINDOW_2,0.06377063260529575
PC19,7,feature_1_block_dominant_freq_WINDOW_2,0.05217353790031942
PC19,8,feature_1_block_resid_std_WINDOW_1,0.03589309137266898
PC19,9,feature_5_dominant_freq_WINDOW_3,0.03564843647025668
PC19,10,feature_7_lag1_autocorr_WINDOW_1,0.03510511314662881
PC19,11,feature_5_lag1_autocorr_WINDOW_3,0.03392984984716136
PC19,12,feature_3_lag1_autocorr_WINDOW_1,0.02626628317698236
PC19,13,feature_5_lag1_autocorr_WINDOW_1,0.023941859528754852
PC19,14,feature_1_block_dominant_freq_WINDOW_1,0.02316279597019999
PC19,15,feature_5_resid_std_WINDOW_1,0.019302260478227178
PC19,16,feature_5_lag1_autocorr_WINDOW_2,0.01858190187544316
PC19,17,feature_1_block_resid_std_WINDOW_2,0.016923546241549244
PC19,18,feature_5_dominant_freq_WINDOW_2,0.016677987301400615
PC19,19,feature_6_slope_WINDOW_2,0.015845722046042822
PC19,20,feature_1_block_lag1_autocorr_WINDOW_3,0.014342501425306731
PC20,1,feature_6_lag1_autocorr_WINDOW_1,0.06783174015523477
PC20,2,feature_7_slope_WINDOW_3,0.061477387434365274
PC20,3,feature_6_slope_WINDOW_2,0.0592009151324004
PC20,4,feature_3_resid_std_WINDOW_2,0.05557420925957066
PC20,5,feature_1_block_lag1_autocorr_WINDOW_2,0.053310158743047856
PC20,6,feature_5_resid_std_WINDOW_2,0.05214537324878646
PC20,7,feature_1_block_slope_WINDOW_2,0.04978858871108672
PC20,8,feature_3_lag1_autocorr_WINDOW_1,0.045727378171520276
PC20,9,feature_5_lag1_autocorr_WINDOW_2,0.04225856784117414
PC20,10,feature_3_median_WINDOW_1,0.04039887564369214
PC20,11,feature_3_slope_WINDOW_2,0.04004305157410756
PC20,12,feature_5_slope_WINDOW_1,0.03991882323294995
PC20,13,feature_1_block_lag1_autocorr_WINDOW_1,0.0395002631572985
PC20,14,feature_3_median_WINDOW_2,0.03949678828319641
PC20,15,feature_3_slope_WINDOW_1,0.03370759650407927
PC20,16,feature_3_lag1_autocorr_WINDOW_2,0.03244576970166011
PC20,17,feature_5_median_WINDOW_3,0.027171485661666137
PC20,18,feature_5_slope_WINDOW_3,0.026071484558131987
PC20,19,feature_7_lag1_autocorr_WINDOW_2,0.02475889775877703
PC20,20,feature_5_slope_WINDOW_2,0.02428377795935156
PC21,1,feature_6_slope_WINDOW_1,0.1378265056463338
PC21,2,feature_6_slope_WINDOW_3,0.08203333343563408
PC21,3,feature_5_lag1_autocorr_WINDOW_1,0.08113142316025299
PC21,4,feature_7_slope_WINDOW_3,0.07194625365932353
PC21,5,feature_5_lag1_autocorr_WINDOW_3,0.0701819295691028
PC21,6,feature_3_lag1_autocorr_WINDOW_2,0.06969962062959453
PC21,7,feature_1_block_lag1_autocorr_WINDOW_1,0.059158953587600045
PC21,8,feature_5_slope_WINDOW_3,0.05094439851420579
PC21,9,feature_1_block_lag1_autocorr_WINDOW_3,0.04699977240791644
PC21,10,feature_7_lag1_autocorr_WINDOW_3,0.039257256932399925
PC21,11,feature_1_block_dominant_freq_WINDOW_3,0.033811319590916156
PC21,12,feature_5_resid_std_WINDOW_1,0.0317127012384842
PC21,13,feature_3_resid_std_WINDOW_2,0.02775954094922876
PC21,14,feature_3_lag1_autocorr_WINDOW_3,0.024270253073158617
PC21,15,feature_6_slope_WINDOW_2,0.02117093313748675
PC21,16,feature_6_dominant_freq_WINDOW_3,0.020724726363508375
PC21,17,feature_5_lag1_autocorr_WINDOW_2,0.019303894905395167
PC21,18,feature_6_lag1_autocorr_WINDOW_1,0.019111457041736186
PC21,19,feature_1_block_resid_std_WINDOW_2,0.017880543527027334
PC21,20,feature_5_dominant_freq_WINDOW_1,0.014540691098343316
PC22,1,feature_7_lag1_autocorr_WINDOW_1,0.09975996994811646
PC22,2,feature_6_slope_WINDOW_1,0.08897241899975396
PC22,3,feature_5_dominant_freq_WINDOW_1,0.0661466884139722
PC22,4,feature_3_resid_std_WINDOW_2,0.06587142031311011
PC22,5,feature_5_lag1_autocorr_WINDOW_1,0.05744378821476508
PC22,6,feature_3_lag1_autocorr_WINDOW_2,0.042356179789587015
PC22,7,feature_5_slope_WINDOW_1,0.04202082017527439
PC22,8,feature_3_dominant_freq_WINDOW_1,0.0341395906368378
PC22,9,feature_1_block_lag1_autocorr_WINDOW_1,0.03395772526226217
PC22,10,feature_3_lag1_autocorr_WINDOW_1,0.03332015111233862
PC22,11,feature_7_lag1_autocorr_WINDOW_2,0.0328817005877578
PC22,12,feature_3_slope_WINDOW_1,0.03267252966003033
PC22,13,feature_5_resid_std_WINDOW_3,0.031834862849610325
PC22,14,feature_3_slope_WINDOW_2,0.030534238035104452
PC22,15,feature_1_block_lag1_autocorr_WINDOW_3,0.029134447140220936
PC22,16,feature_1_block_slope_WINDOW_3,0.02769806194260302
PC22,17,feature_5_lag1_autocorr_WINDOW_2,0.02444376294600567
PC22,18,feature_6_dominant_freq_WINDOW_3,0.022473959107307068
PC22,19,feature_7_slope_WINDOW_1,0.019832304128281214
PC22,20,feature_1_block_dominant_freq_WINDOW_2,0.019070861863866775
PC23,1,feature_6_slope_WINDOW_3,0.09307222381550802
PC23,2,feature_5_lag1_autocorr_WINDOW_1,0.0694754333035822
PC23,3,feature_1_block_dominant_freq_WINDOW_3,0.05452243339584289
PC23,4,feature_1_block_resid_std_WINDOW_3,0.05003863918995962
PC23,5,feature_5_dominant_freq_WINDOW_3,0.04348755051422792
PC23,6,feature_5_lag1_autocorr_WINDOW_2,0.04309210154590667
PC23,7,feature_3_lag1_autocorr_WINDOW_2,0.03959896296588183
PC23,8,feature_3_dominant_freq_WINDOW_2,0.03837801878343963
PC23,9,feature_1_block_resid_std_WINDOW_1,0.033738737125613955
PC23,10,feature_1_block_lag1_autocorr_WINDOW_1,0.029335206743215134
PC23,11,feature_7_slope_WINDOW_3,0.028169263223474045
PC23,12,feature_5_slope_WINDOW_1,0.02814565368290588
PC23,13,feature_6_slope_WINDOW_2,0.025532480133411816
PC23,14,feature_5_dominant_freq_WINDOW_2,0.02216819493996216
PC23,15,feature_6_dominant_freq_WINDOW_3,0.021832156706326985
PC23,16,feature_6_lag1_autocorr_WINDOW_2,0.021537262983351516
PC23,17,feature_1_block_dominant_freq_WINDOW_1,0.019870884988277875
PC23,18,feature_6_lag1_autocorr_WINDOW_1,0.018873878835131915
PC23,19,feature_7_lag1_autocorr_WINDOW_1,0.01879125639380829
PC23,20,feature_3_dominant_freq_WINDOW_1,0.0173187035204768
PC24,1,feature_7_lag1_autocorr_WINDOW_3,0.0883768230159732
PC24,2,feature_5_resid_std_WINDOW_1,0.07984528002805236
PC24,3,feature_3_resid_std_WINDOW_3,0.04997368582852444
PC24,4,feature_1_block_dominant_freq_WINDOW_1,0.04768814813248632
PC24,5,feature_7_slope_WINDOW_3,0.04741403727617951
PC24,6,feature_3_resid_std_WINDOW_1,0.044544514167371714
PC24,7,feature_1_block_lag1_autocorr_WINDOW_1,0.040667845641452725
PC24,8,feature_1_block_dominant_freq_WINDOW_2,0.037028225955274933
PC24,9,feature_1_block_lag1_autocorr_WINDOW_2,0.03280266889277654
PC24,10,feature_3_resid_std_WINDOW_2,0.0305629013259347
PC24,11,feature_5_lag1_autocorr_WINDOW_2,0.02696921381737017
PC24,12,feature_1_block_resid_std_WINDOW_2,0.025938717631779
PC24,13,feature_6_dominant_freq_WINDOW_2,0.02563884051029592
PC24,14,feature_1_block_dominant_freq_WINDOW_3,0.024899991134869407
PC24,15,feature_3_lag1_autocorr_WINDOW_2,0.023557646705020627
PC24,16,feature_6_slope_WINDOW_2,0.022076209406724497
PC24,17,feature_5_slope_WINDOW_2,0.02119178207334208
PC24,18,feature_1_block_resid_std_WINDOW_3,0.020675307584851334
PC24,19,feature_3_slope_WINDOW_3,0.020668683942216732
PC24,20,feature_5_resid_std_WINDOW_2,0.018834984701397224
PC25,1,feature_7_lag1_autocorr_WINDOW_2,0.10704366491233262
PC25,2,feature_5_slope_WINDOW_1,0.07207173784253333
PC25,3,feature_3_lag1_autocorr_WINDOW_2,0.04732461830470574
PC25,4,feature_3_dominant_freq_WINDOW_3,0.04420558432900031
PC25,5,feature_6_lag1_autocorr_WINDOW_1,0.04349405009707248
PC25,6,feature_5_lag1_autocorr_WINDOW_3,0.04023779942287475
PC25,7,feature_6_dominant_freq_WINDOW_1,0.0374319512697668
PC25,8,feature_1_block_lag1_autocorr_WINDOW_3,0.03724311869881788
PC25,9,feature_3_lag1_autocorr_WINDOW_1,0.033270006051221546
PC25,10,feature_1_block_slope_WINDOW_3,0.031740177503013146
PC25,11,feature_5_lag1_autocorr_WINDOW_2,0.03090600404087848
PC25,12,feature_1_block_lag1_autocorr_WINDOW_1,0.025930446313927127
PC25,13,feature_1_block_slope_WINDOW_1,0.023960967501823412
PC25,14,feature_3_slope_WINDOW_3,0.020720347483253968
PC25,15,feature_6_slope_WINDOW_2,0.014327568257303306
PC25,16,feature_1_block_median_WINDOW_1,0.01422164503994711
PC25,17,feature_1_block_dominant_freq_WINDOW_2,0.014088756877159317
PC25,18,feature_7_lag1_autocorr_WINDOW_3,0.013891484349188996
PC25,19,feature_3_dominant_freq_WINDOW_1,0.013483314204152694
PC25,20,feature_5_resid_std_WINDOW_3,0.011676180799998844
PC26,1,feature_6_lag1_autocorr_WINDOW_1,0.08363921011475066
PC26,2,feature_3_lag1_autocorr_WINDOW_3,0.06556974906072612
PC26,3,feature_1_block_slope_WINDOW_2,0.04759510617560917
PC26,4,feature_1_block_median_WINDOW_1,0.04725068665960362
PC26,5,feature_7_lag1_autocorr_WINDOW_3,0.046646418220349206
PC26,6,feature_3_slope_WINDOW_2,0.04491675476328706
PC26,7,feature_6_slope_WINDOW_2,0.04030677675864255
PC26,8,feature_3_lag1_autocorr_WINDOW_1,0.036569440542518185
PC26,9,feature_6_slope_WINDOW_1,0.035684767768117694
PC26,10,feature_1_block_lag1_autocorr_WINDOW_2,0.03429111585510309
PC26,11,feature_1_block_slope_WINDOW_3,0.03230139871019164
PC26,12,feature_3_lag1_autocorr_WINDOW_2,0.030817371754551817
PC26,13,feature_7_lag1_autocorr_WINDOW_1,0.029423891723993525
PC26,14,feature_5_slope_WINDOW_3,0.025720249872157305
PC26,15,feature_1_block_lag1_autocorr_WINDOW_3,0.01334392976287889
PC26,16,feature_1_block_median_WINDOW_2,0.012829172412508427
PC26,17,feature_5_resid_std_WINDOW_1,0.012401818357687309
PC26,18,feature_7_slope_WINDOW_2,0.010323244082142259
PC26,19,feature_3_dominant_freq_WINDOW_2,0.010072281088847702
PC26,20,feature_3_resid_std_WINDOW_2,0.009880899880616847
PC27,1,feature_1_block_lag1_autocorr_WINDOW_3,0.10021800183761884
PC27,2,feature_3_lag1_autocorr_WINDOW_3,0.0982310230913032
PC27,3,feature_5_resid_std_WINDOW_2,0.04675494907708434
PC27,4,feature_3_slope_WINDOW_2,0.03540153241832656
PC27,5,feature_1_block_slope_WINDOW_1,0.030675626237843142
PC27,6,feature_1_block_median_WINDOW_1,0.027275103284560464
PC27,7,feature_1_block_dominant_freq_WINDOW_2,0.023614647503677005
PC27,8,feature_6_slope_WINDOW_3,0.023604742564954165
PC27,9,feature_3_lag1_autocorr_WINDOW_1,0.02133591024758742
PC27,10,feature_5_dominant_freq_WINDOW_2,0.021200916266960766
PC27,11,feature_6_dominant_freq_WINDOW_2,0.020405491961138902
PC27,12,feature_5_median_WINDOW_2,0.020142715334484883
PC27,13,feature_1_block_resid_std_WINDOW_3,0.019583824318927676
PC27,14,feature_6_lag1_autocorr_WINDOW_1,0.01690795421616738
PC27,15,feature_5_slope_WINDOW_1,0.01574651043515043
PC27,16,feature_5_lag1_autocorr_WINDOW_2,0.01569671944466528
PC27,17,feature_3_dominant_freq_WINDOW_2,0.015536661961475106
PC27,18,feature_1_block_dominant_freq_WINDOW_1,0.015371459851238303
PC27,19,feature_5_lag1_autocorr_WINDOW_3,0.012722286994917242
PC27,20,feature_5_median_WINDOW_3,0.012604812207094527
PC28,1,feature_5_slope_WINDOW_2,0.08862611054072121
PC28,2,feature_1_block_dominant_freq_WINDOW_3,0.08319720716015719
PC28,3,feature_6_slope_WINDOW_3,0.05785112302643525
PC28,4,feature_6_slope_WINDOW_1,0.042253475841480675
PC28,5,feature_3_dominant_freq_WINDOW_2,0.041831276265644916
PC28,6,feature_7_lag1_autocorr_WINDOW_1,0.04003682132663043
PC28,7,feature_1_block_lag1_autocorr_WINDOW_1,0.03352938764518085
PC28,8,feature_5_dominant_freq_WINDOW_3,0.029072754933920423
PC28,9,feature_3_lag1_autocorr_WINDOW_2,0.021898037726344535
PC28,10,feature_3_resid_std_WINDOW_2,0.021272898101996417
PC28,11,feature_3_resid_std_WINDOW_1,0.021045970134252034
PC28,12,feature_5_resid_std_WINDOW_3,0.020343898920611312
PC28,13,feature_5_dominant_freq_WINDOW_2,0.019550425494431412
PC28,14,feature_3_slope_WINDOW_3,0.018872367198800928
PC28,15,feature_5_dominant_freq_WINDOW_1,0.01789809046717222
PC28,16,feature_6_lag1_autocorr_WINDOW_1,0.017602592377103154
PC28,17,feature_3_lag1_autocorr_WINDOW_3,0.017512465828846614
PC28,18,feature_5_slope_WINDOW_3,0.013385096261518244
PC28,19,feature_6_dominant_freq_WINDOW_2,0.010382838812505651
PC28,20,feature_6_dominant_freq_WINDOW_3,0.009771323019581151
PC29,1,feature_5_slope_WINDOW_3,0.09348654175632819
PC29,2,feature_5_slope_WINDOW_1,0.077041847904576
PC29,3,feature_3_lag1_autocorr_WINDOW_2,0.04267739656522858
PC29,4,feature_1_block_lag1_autocorr_WINDOW_1,0.0416993827432272
PC29,5,feature_3_dominant_freq_WINDOW_3,0.03945947398802878
PC29,6,feature_3_resid_std_WINDOW_2,0.034957209798303704
PC29,7,feature_5_lag1_autocorr_WINDOW_1,0.033549261964907824
PC29,8,feature_6_slope_WINDOW_1,0.031063682461357368
PC29,9,feature_1_block_slope_WINDOW_3,0.02504160340480162
PC29,10,feature_6_dominant_freq_WINDOW_2,0.024269792747677186
PC29,11,feature_5_dominant_freq_WINDOW_1,0.022977129965598066
PC29,12,feature_3_dominant_freq_WINDOW_2,0.017460529118996513
PC29,13,feature_1_block_lag1_autocorr_WINDOW_2,0.017386817899202836
PC29,14,feature_3_resid_std_WINDOW_1,0.016521232885739263
PC29,15,feature_1_block_resid_std_WINDOW_2,0.013211298042852482
PC29,16,feature_5_dominant_freq_WINDOW_3,0.011111159336821469
PC29,17,feature_3_lag1_autocorr_WINDOW_1,0.00927237362810112
PC29,18,feature_7_slope_WINDOW_3,0.00830447902769047
PC29,19,feature_7_lag1_autocorr_WINDOW_2,0.007954907075062358
PC29,20,feature_1_block_slope_WINDOW_2,0.007647292112476204
PC30,1,feature_6_slope_WINDOW_3,0.06452958850754857
PC30,2,feature_5_resid_std_WINDOW_2,0.05817198287201056
PC30,3,feature_5_lag1_autocorr_WINDOW_3,0.05441776621848576
PC30,4,feature_3_resid_std_WINDOW_1,0.051026968614605026
PC30,5,feature_3_dominant_freq_WINDOW_1,0.04909938454937565
PC30,6,feature_3_resid_std_WINDOW_3,0.04539755773197158
PC30,7,feature_1_block_lag1_autocorr_WINDOW_2,0.03665461924881988
PC30,8,feature_1_block_resid_std_WINDOW_3,0.03453149039484488
PC30,9,feature_3_slope_WINDOW_3,0.027083895546806142
PC30,10,feature_1_block_lag1_autocorr_WINDOW_1,0.022967630072144817
PC30,11,feature_3_lag1_autocorr_WINDOW_1,0.018565452614847607
PC30,12,feature_6_dominant_freq_WINDOW_2,0.016278914836686628
PC30,13,feature_5_resid_std_WINDOW_3,0.01588501587915053
PC30,14,feature_1_block_lag1_autocorr_WINDOW_3,0.013587027707004831
PC30,15,feature_3_dominant_freq_WINDOW_2,0.010510795417492171
PC30,16,feature_3_lag1_autocorr_WINDOW_2,0.010271800214042157
PC30,17,feature_6_slope_WINDOW_1,0.009818675832357156
PC30,18,feature_7_slope_WINDOW_3,0.00920027653765314
PC30,19,feature_5_dominant_freq_WINDOW_1,0.008721384639431716
PC30,20,feature_6_resid_std_WINDOW_1,0.008195640868744018
PC31,1,feature_6_dominant_freq_WINDOW_1,0.0827740974371491
PC31,2,feature_5_slope_WINDOW_1,0.06228370032106594
PC31,3,feature_7_lag1_autocorr_WINDOW_3,0.05235836560826907
PC31,4,feature_5_lag1_autocorr_WINDOW_3,0.04633788661291521
PC31,5,feature_7_lag1_autocorr_WINDOW_2,0.044187169381046956
PC31,6,feature_1_block_dominant_freq_WINDOW_3,0.03443737539554923
PC31,7,feature_7_lag1_autocorr_WINDOW_1,0.03279554893505564
PC31,8,feature_3_dominant_freq_WINDOW_2,0.02904854453493599
PC31,9,feature_5_slope_WINDOW_2,0.01896973653408852
PC31,10,feature_6_slope_WINDOW_1,0.016779531507148216
PC31,11,feature_1_block_resid_std_WINDOW_3,0.015607731401139722
PC31,12,feature_1_block_lag1_autocorr_WINDOW_1,0.014946906159069847
PC31,13,feature_1_block_slope_WINDOW_1,0.01388921546419455
PC31,14,feature_1_block_median_WINDOW_1,0.012603826292333961
PC31,15,feature_5_median_WINDOW_1,0.012249730851414975
PC31,16,feature_5_dominant_freq_WINDOW_2,0.010740253871749116
PC31,17,feature_3_lag1_autocorr_WINDOW_1,0.010473444150268671
PC31,18,feature_5_median_WINDOW_2,0.009938010936229077
PC31,19,feature_1_block_slope_WINDOW_3,0.0079225825233652
PC31,20,feature_5_median_WINDOW_3,0.006627314657736002
PC32,1,feature_1_block_lag1_autocorr_WINDOW_1,0.04972672032386534
PC32,2,feature_6_slope_WINDOW_1,0.042493268465428266
PC32,3,feature_6_slope_WINDOW_2,0.04228454077493231
PC32,4,feature_3_resid_std_WINDOW_2,0.03860854846925731
PC32,5,feature_3_slope_WINDOW_2,0.03481725183661963
PC32,6,feature_6_dominant_freq_WINDOW_3,0.026847830978824504
PC32,7,feature_3_lag1_autocorr_WINDOW_2,0.026745315346779097
PC32,8,feature_6_dominant_freq_WINDOW_2,0.025952180099275628
PC32,9,feature_5_resid_std_WINDOW_3,0.02270672281168456
PC32,10,feature_6_dominant_freq_WINDOW_1,0.022296270650208425
PC32,11,feature_5_lag1_autocorr_WINDOW_3,0.02095413530184202
PC32,12,feature_5_lag1_autocorr_WINDOW_2,0.017163658894055394
PC32,13,feature_6_slope_WINDOW_3,0.016946306888019243
PC32,14,feature_3_dominant_freq_WINDOW_3,0.016876722810118337
PC32,15,feature_3_resid_std_WINDOW_3,0.01599517709421571
PC32,16,feature_5_lag1_autocorr_WINDOW_1,0.012086401760825106
PC32,17,feature_1_block_resid_std_WINDOW_1,0.01167050828840598
PC32,18,feature_3_dominant_freq_WINDOW_2,0.010855089593551696
PC32,19,feature_1_block_dominant_freq_WINDOW_1,0.010741757405799253
PC32,20,feature_7_lag1_autocorr_WINDOW_1,0.008640653926053227
PC33,1,feature_3_dominant_freq_WINDOW_3,0.06805903813785529
PC33,2,feature_3_resid_std_WINDOW_1,0.03536011040645459
PC33,3,feature_6_slope_WINDOW_2,0.03456979285565963
PC33,4,feature_5_resid_std_WINDOW_2,0.03177273076448862
PC33,5,feature_5_slope_WINDOW_2,0.0309082080846436
PC33,6,feature_6_dominant_freq_WINDOW_1,0.02938764785766233
PC33,7,feature_1_block_lag1_autocorr_WINDOW_3,0.021572429345995025
PC33,8,feature_5_median_WINDOW_3,0.017156659129246372
PC33,9,feature_5_slope_WINDOW_3,0.015203590228309522
PC33,10,feature_6_lag1_autocorr_WINDOW_1,0.014449765419389273
PC33,11,feature_1_block_slope_WINDOW_1,0.014019602928913641
PC33,12,feature_5_median_WINDOW_1,0.013263515302995653
PC33,13,feature_1_block_median_WINDOW_1,0.013147329264118593
PC33,14,feature_5_median_WINDOW_2,0.013045279533272941
PC33,15,feature_1_block_slope_WINDOW_3,0.010647024312402055
PC33,16,feature_5_resid_std_WINDOW_3,0.010419444567026013
PC33,17,feature_5_lag1_autocorr_WINDOW_3,0.010371637767012009
PC33,18,feature_3_median_WINDOW_2,0.009742485037627688
PC33,19,feature_3_resid_std_WINDOW_2,0.009042605837975058
PC33,20,feature_5_dominant_freq_WINDOW_3,0.008936586217541759
PC34,1,feature_6_slope_WINDOW_2,0.04433886516290056
PC34,2,feature_5_slope_WINDOW_1,0.03426077924940542
PC34,3,feature_5_resid_std_WINDOW_2,0.03198968268623483
PC34,4,feature_7_slope_WINDOW_3,0.02932946257211229
PC34,5,feature_6_slope_WINDOW_3,0.023945346768252333
PC34,6,feature_3_lag1_autocorr_WINDOW_1,0.023757299607438855
PC34,7,feature_5_lag1_autocorr_WINDOW_1,0.02219775959923074
PC34,8,feature_7_lag1_autocorr_WINDOW_1,0.02058130249383531
PC34,9,feature_5_dominant_freq_WINDOW_2,0.019214846811395726
PC34,10,feature_6_lag1_autocorr_WINDOW_3,0.018578821436764852
PC34,11,feature_1_block_dominant_freq_WINDOW_2,0.017452864829583945
PC34,12,feature_1_block_dominant_freq_WINDOW_3,0.016531504977086154
PC34,13,feature_6_dominant_freq_WINDOW_3,0.015903939031100385
PC34,14,feature_5_resid_std_WINDOW_3,0.014441009268712592
PC34,15,feature_3_resid_std_WINDOW_1,0.014196809308235208
PC34,16,feature_7_lag1_autocorr_WINDOW_2,0.013099601388601726
PC34,17,feature_1_block_dominant_freq_WINDOW_1,0.013098504907378251
PC34,18,feature_6_dominant_freq_WINDOW_2,0.012598652198380913
PC34,19,feature_5_resid_std_WINDOW_1,0.01227994668686094
PC34,20,feature_3_dominant_freq_WINDOW_2,0.00924351386401919
PC35,1,feature_6_lag1_autocorr_WINDOW_1,0.07798710193016103
PC35,2,feature_1_block_slope_WINDOW_3,0.04313382381065887
PC35,3,feature_6_dominant_freq_WINDOW_2,0.03499362247426696
PC35,4,feature_3_dominant_freq_WINDOW_3,0.02720389419268974
PC35,5,feature_3_lag1_autocorr_WINDOW_1,0.026864237811079793
PC35,6,feature_3_resid_std_WINDOW_1,0.02636787668930992
PC35,7,feature_6_dominant_freq_WINDOW_3,0.02608905493803884
PC35,8,feature_5_lag1_autocorr_WINDOW_3,0.022478027608286422
PC35,9,feature_1_block_resid_std_WINDOW_3,0.016554013136967447
PC35,10,feature_7_slope_WINDOW_3,0.016339859739810916
PC35,11,feature_5_dominant_freq_WINDOW_3,0.015510689756599163
PC35,12,feature_3_slope_WINDOW_2,0.014072643644169734
PC35,13,feature_7_lag1_autocorr_WINDOW_2,0.012552962211251541
PC35,14,feature_3_slope_WINDOW_3,0.011250458271080448
PC35,15,feature_3_resid_std_WINDOW_3,0.008600045315592456
PC35,16,feature_5_dominant_freq_WINDOW_2,0.008576002958315303
PC35,17,feature_3_lag1_autocorr_WINDOW_3,0.007758784639976349
PC35,18,feature_3_lag1_autocorr_WINDOW_2,0.00697873134941229
PC35,19,feature_1_block_resid_std_WINDOW_1,0.006494890077064078
PC35,20,feature_6_slope_WINDOW_2,0.006050104451634988
PC36,1,feature_5_dominant_freq_WINDOW_2,0.09769756261623089
PC36,2,feature_5_lag1_autocorr_WINDOW_2,0.07238819967950448
PC36,3,feature_5_dominant_freq_WINDOW_1,0.03333092119923521
PC36,4,feature_5_slope_WINDOW_1,0.01867247665773003
PC36,5,feature_5_resid_std_WINDOW_1,0.018284951304340945
PC36,6,feature_1_block_lag1_autocorr_WINDOW_2,0.015427850705437564
PC36,7,feature_7_slope_WINDOW_3,0.015354698727865069
PC36,8,feature_5_dominant_freq_WINDOW_3,0.014106349622550817
PC36,9,feature_7_lag1_autocorr_WINDOW_2,0.012728317408714438
PC36,10,feature_3_slope_WINDOW_2,0.012310094821357939
PC36,11,feature_3_slope_WINDOW_3,0.012181713684557803
PC36,12,feature_1_block_resid_std_WINDOW_2,0.012112483576361835
PC36,13,feature_3_resid_std_WINDOW_3,0.010794500858156489
PC36,14,feature_3_resid_std_WINDOW_2,0.010108281624040974
PC36,15,feature_1_block_resid_std_WINDOW_3,0.009368911986159146
PC36,16,feature_3_median_WINDOW_3,0.008126811011262844
PC36,17,feature_5_lag1_autocorr_WINDOW_1,0.007472703482600078
PC36,18,feature_3_dominant_freq_WINDOW_3,0.00686196130547287
PC36,19,feature_5_slope_WINDOW_2,0.0059464786058887826
PC36,20,feature_3_dominant_freq_WINDOW_1,0.005487928471609045
PC37,1,feature_1_block_lag1_autocorr_WINDOW_2,0.03067248960122912
PC37,2,feature_1_block_dominant_freq_WINDOW_2,0.030659307135294793
PC37,3,feature_5_resid_std_WINDOW_3,0.026775690393633388
PC37,4,feature_5_lag1_autocorr_WINDOW_1,0.026280470803734506
PC37,5,feature_3_lag1_autocorr_WINDOW_1,0.02334316536920738
PC37,6,feature_3_dominant_freq_WINDOW_2,0.020065519785238167
PC37,7,feature_1_block_slope_WINDOW_1,0.0195281823080544
PC37,8,feature_1_block_resid_std_WINDOW_3,0.01941057261068858
PC37,9,feature_5_lag1_autocorr_WINDOW_2,0.016752265878699248
PC37,10,feature_7_slope_WINDOW_3,0.0127710589454813
PC37,11,feature_3_resid_std_WINDOW_2,0.011188191773946383
PC37,12,feature_1_block_median_WINDOW_1,0.01113709151513292
PC37,13,feature_1_block_dominant_freq_WINDOW_3,0.010952253268599754
PC37,14,feature_6_dominant_freq_WINDOW_1,0.010412216402846513
PC37,15,feature_6_dominant_freq_WINDOW_3,0.010165073594093065
PC37,16,feature_3_slope_WINDOW_1,0.009963487633672207
PC37,17,feature_1_block_median_WINDOW_3,0.009721357313872196
PC37,18,feature_1_block_median_WINDOW_2,0.009403463608296749
PC37,19,feature_5_resid_std_WINDOW_2,0.008996344980924333
PC37,20,feature_3_dominant_freq_WINDOW_1,0.008808601733148827
PC38,1,feature_1_block_dominant_freq_WINDOW_3,0.03767184444848397
PC38,2,feature_1_block_resid_std_WINDOW_3,0.03253074091034776
PC38,3,feature_6_dominant_freq_WINDOW_3,0.026330928278476894
PC38,4,feature_1_block_dominant_freq_WINDOW_2,0.0263297034094751
PC38,5,feature_5_resid_std_WINDOW_1,0.018724236586286004
PC38,6,feature_3_dominant_freq_WINDOW_1,0.017680778261554956
PC38,7,feature_6_slope_WINDOW_2,0.01481027436918881
PC38,8,feature_3_lag1_autocorr_WINDOW_3,0.013602915764464844
PC38,9,feature_6_dominant_freq_WINDOW_2,0.01317975184378172
PC38,10,feature_6_median_WINDOW_3,0.012846778929481377
PC38,11,feature_6_median_WINDOW_2,0.012803219595068669
PC38,12,feature_6_median_WINDOW_1,0.012467807149635005
PC38,13,feature_6_slope_WINDOW_3,0.011613997453160944
PC38,14,feature_7_slope_WINDOW_2,0.011367524819579993
PC38,15,feature_1_block_resid_std_WINDOW_1,0.010347038348823022
PC38,16,feature_6_dominant_freq_WINDOW_1,0.009937818549661533
PC38,17,feature_3_lag1_autocorr_WINDOW_1,0.009064301792814545
PC38,18,feature_1_block_lag1_autocorr_WINDOW_1,0.008507077163371839
PC38,19,feature_7_lag1_autocorr_WINDOW_3,0.00802142099885744
PC38,20,feature_5_lag1_autocorr_WINDOW_3,0.007398488266390592
PC39,1,feature_6_lag1_autocorr_WINDOW_1,0.043399281959882755
PC39,2,feature_7_lag1_autocorr_WINDOW_3,0.03696781111459156
PC39,3,feature_5_lag1_autocorr_WINDOW_3,0.03295998965251322
PC39,4,feature_3_resid_std_WINDOW_1,0.01824819755608299
PC39,5,feature_3_lag1_autocorr_WINDOW_2,0.01790354030972194
PC39,6,feature_5_resid_std_WINDOW_3,0.01763996360722662
PC39,7,feature_1_block_slope_WINDOW_2,0.016790524480987706
PC39,8,feature_1_block_slope_WINDOW_1,0.014939327626726224
PC39,9,feature_5_lag1_autocorr_WINDOW_1,0.012057768513534604
PC39,10,feature_6_slope_WINDOW_3,0.011768358839543781
PC39,11,feature_7_lag1_autocorr_WINDOW_2,0.011101280825581514
PC39,12,feature_3_dominant_freq_WINDOW_3,0.009495525640462996
PC39,13,feature_6_resid_std_WINDOW_2,0.009482891177847697
PC39,14,feature_6_dominant_freq_WINDOW_2,0.007164829106123488
PC39,15,feature_7_lag1_autocorr_WINDOW_1,0.006693416956242316
PC39,16,feature_1_block_dominant_freq_WINDOW_3,0.006554470594162028
PC39,17,feature_1_block_resid_std_WINDOW_1,0.006342633348702802
PC39,18,feature_1_block_median_WINDOW_1,0.005846002343177859
PC39,19,feature_6_dominant_freq_WINDOW_3,0.005604150137731227
PC39,20,feature_5_dominant_freq_WINDOW_2,0.005191741755995952
PC40,1,feature_1_block_resid_std_WINDOW_3,0.03763766462889717
PC40,2,feature_6_dominant_freq_WINDOW_2,0.02729984245491025
PC40,3,feature_5_lag1_autocorr_WINDOW_3,0.02418563648165595
PC40,4,feature_1_block_dominant_freq_WINDOW_3,0.020901006889307277
PC40,5,feature_1_block_dominant_freq_WINDOW_2,0.019268567386939266
PC40,6,feature_5_dominant_freq_WINDOW_3,0.016802847364119865
PC40,7,feature_5_slope_WINDOW_3,0.015251731453602852
PC40,8,feature_3_lag1_autocorr_WINDOW_1,0.013350506069438309
PC40,9,feature_1_block_resid_std_WINDOW_1,0.01302954544915815
PC40,10,feature_5_lag1_autocorr_WINDOW_2,0.011908259624682643
PC40,11,feature_7_lag1_autocorr_WINDOW_2,0.011905135517990151
PC40,12,feature_3_slope_WINDOW_3,0.011807933787336739
PC40,13,feature_1_block_lag1_autocorr_WINDOW_1,0.010676328786907718
PC40,14,feature_5_resid_std_WINDOW_1,0.010100680491668932
PC40,15,feature_6_dominant_freq_WINDOW_1,0.009753889489479426
PC40,16,feature_6_slope_WINDOW_2,0.007544958004867873
PC40,17,feature_5_resid_std_WINDOW_3,0.007038554942540748
PC40,18,feature_3_dominant_freq_WINDOW_2,0.006522839795381545
PC40,19,feature_7_slope_WINDOW_2,0.005924170683929923
PC40,20,feature_3_slope_WINDOW_2,0.004906820836498356
PC41,1,feature_1_block_lag1_autocorr_WINDOW_3,0.03943350552316632
PC41,2,feature_1_block_lag1_autocorr_WINDOW_1,0.02081005249133671
PC41,3,feature_1_block_resid_std_WINDOW_2,0.019417616320666634
PC41,4,feature_5_slope_WINDOW_3,0.014983134916744864
PC41,5,feature_3_lag1_autocorr_WINDOW_3,0.014378882792148603
PC41,6,feature_3_slope_WINDOW_2,0.011795481016161721
PC41,7,feature_7_slope_WINDOW_3,0.01122579191208467
PC41,8,feature_7_lag1_autocorr_WINDOW_2,0.011207556456324012
PC41,9,feature_1_block_slope_WINDOW_1,0.010756411611365292
PC41,10,feature_6_dominant_freq_WINDOW_1,0.010620450493766006
PC41,11,feature_1_block_resid_std_WINDOW_3,0.010352476091283596
PC41,12,feature_6_lag1_autocorr_WINDOW_2,0.010201047134803229
PC41,13,feature_3_dominant_freq_WINDOW_1,0.009610904374101267
PC41,14,feature_6_slope_WINDOW_1,0.00954448017771839
PC41,15,feature_3_lag1_autocorr_WINDOW_1,0.009488085580408076
PC41,16,feature_5_resid_std_WINDOW_1,0.00825100353223798
PC41,17,feature_7_lag1_autocorr_WINDOW_3,0.007433117263638821
PC41,18,feature_6_lag1_autocorr_WINDOW_3,0.006553429806812723
PC41,19,feature_6_lag1_autocorr_WINDOW_1,0.006498653852571118
PC41,20,feature_1_block_dominant_freq_WINDOW_2,0.005821577067555153
PC42,1,feature_3_dominant_freq_WINDOW_2,0.02992885463517661
PC42,2,feature_3_resid_std_WINDOW_2,0.027759533591346166
PC42,3,feature_5_slope_WINDOW_2,0.0248175398887952
PC42,4,feature_3_slope_WINDOW_1,0.018459949626424707
PC42,5,feature_3_resid_std_WINDOW_3,0.014121184242053133
PC42,6,feature_1_block_lag1_autocorr_WINDOW_1,0.014104127621255387
PC42,7,feature_6_lag1_autocorr_WINDOW_2,0.011299014606332853
PC42,8,feature_5_resid_std_WINDOW_1,0.01103404986687595
PC42,9,feature_5_dominant_freq_WINDOW_2,0.010237299097525587
PC42,10,feature_1_block_resid_std_WINDOW_1,0.009350203468770451
PC42,11,feature_5_slope_WINDOW_1,0.009224449413783115
PC42,12,feature_6_dominant_freq_WINDOW_2,0.009067654312397274
PC42,13,feature_5_resid_std_WINDOW_2,0.0078800012287702
PC42,14,feature_5_dominant_freq_WINDOW_1,0.0071083335542741965
PC42,15,feature_3_lag1_autocorr_WINDOW_1,0.006989921195746576
PC42,16,feature_3_lag1_autocorr_WINDOW_3,0.006753826037449066
PC42,17,feature_5_lag1_autocorr_WINDOW_2,0.005951354523751002
PC42,18,feature_5_resid_std_WINDOW_3,0.005510141043953199
PC42,19,feature_3_slope_WINDOW_2,0.005273905901530472
PC42,20,feature_7_lag1_autocorr_WINDOW_2,0.004662971027193428
PC43,1,feature_3_slope_WINDOW_3,0.028611093711245053
PC43,2,feature_1_block_resid_std_WINDOW_2,0.01960818174744337
PC43,3,feature_5_slope_WINDOW_3,0.016402311445161567
PC43,4,feature_3_resid_std_WINDOW_1,0.01622740727667737
PC43,5,feature_1_block_dominant_freq_WINDOW_1,0.01428984287933053
PC43,6,feature_1_block_resid_std_WINDOW_3,0.01239764558642347
PC43,7,feature_5_resid_std_WINDOW_3,0.01234134443587688
PC43,8,feature_1_block_dominant_freq_WINDOW_2,0.01105675164277214
PC43,9,feature_6_median_WINDOW_3,0.007956695167208207
PC43,10,feature_1_block_slope_WINDOW_1,0.007942578632402919
PC43,11,feature_6_median_WINDOW_1,0.007847799567728398
PC43,12,feature_6_median_WINDOW_2,0.007481721767150487
PC43,13,feature_6_lag1_autocorr_WINDOW_2,0.007286604127687191
PC43,14,feature_7_lag1_autocorr_WINDOW_2,0.007137993814125956
PC43,15,feature_3_slope_WINDOW_2,0.007066756513701193
PC43,16,feature_1_block_slope_WINDOW_3,0.005867930135971023
PC43,17,feature_7_slope_WINDOW_2,0.005711318509628949
PC43,18,feature_5_slope_WINDOW_2,0.005661458109243629
PC43,19,feature_6_resid_std_WINDOW_1,0.00559257283688879
PC43,20,feature_6_slope_WINDOW_3,0.0052828153987659965
PC44,1,feature_5_dominant_freq_WINDOW_1,0.013501954417158011
PC44,2,feature_6_dominant_freq_WINDOW_3,0.01233046915672895
PC44,3,feature_7_lag1_autocorr_WINDOW_2,0.011771153045245465
PC44,4,feature_3_lag1_autocorr_WINDOW_3,0.011718610768632365
PC44,5,feature_3_slope_WINDOW_3,0.011047137924183418
PC44,6,feature_3_dominant_freq_WINDOW_1,0.010456735441670287
PC44,7,feature_5_dominant_freq_WINDOW_2,0.010206246780366874
PC44,8,feature_5_slope_WINDOW_2,0.010124320597524557
PC44,9,feature_3_median_WINDOW_2,0.009950864664431694
PC44,10,feature_3_resid_std_WINDOW_3,0.009511456639519647
PC44,11,feature_7_median_WINDOW_1,0.009321442977969595
PC44,12,feature_7_median_WINDOW_2,0.0092970603651347
PC44,13,feature_7_median_WINDOW_3,0.009120226830801057
PC44,14,feature_5_slope_WINDOW_3,0.008714342083288182
PC44,15,feature_5_median_WINDOW_3,0.007737455023658071
PC44,16,feature_7_slope_WINDOW_1,0.007544737324872587
PC44,17,feature_1_block_slope_WINDOW_2,0.006437367170247285
PC44,18,feature_3_dominant_freq_WINDOW_3,0.006349069575552655
PC44,19,feature_6_dominant_freq_WINDOW_1,0.006039031700350669
PC44,20,feature_3_lag1_autocorr_WINDOW_2,0.005709392786291312
PC45,1,feature_3_dominant_freq_WINDOW_1,0.033821486177467136
PC45,2,feature_3_resid_std_WINDOW_3,0.023311643570395807
PC45,3,feature_3_resid_std_WINDOW_1,0.021811244746169307
PC45,4,feature_6_dominant_freq_WINDOW_3,0.01793760408951821
PC45,5,feature_7_lag1_autocorr_WINDOW_1,0.012448007055993068
PC45,6,feature_3_slope_WINDOW_3,0.010917094440821036
PC45,7,feature_1_block_median_WINDOW_1,0.010238633705443388
PC45,8,feature_5_resid_std_WINDOW_1,0.010078033789962573
PC45,9,feature_3_dominant_freq_WINDOW_3,0.008767457941316103
PC45,10,feature_5_dominant_freq_WINDOW_2,0.006573380866644378
PC45,11,feature_3_lag1_autocorr_WINDOW_2,0.006490783985771812
PC45,12,feature_6_slope_WINDOW_2,0.005960796376072787
PC45,13,feature_5_lag1_autocorr_WINDOW_1,0.005714062276881752
PC45,14,feature_6_lag1_autocorr_WINDOW_3,0.004771523103825894
PC45,15,feature_6_lag1_autocorr_WINDOW_1,0.004120314461591616
PC45,16,feature_6_lag1_autocorr_WINDOW_2,0.0035766355901365727
PC45,17,feature_3_slope_WINDOW_1,0.003499542096017025
PC45,18,feature_6_slope_WINDOW_3,0.003249316541096121
PC45,19,feature_3_median_WINDOW_1,0.003196683059530709
PC45,20,feature_1_block_dominant_freq_WINDOW_3,0.002919222759099366
PC46,1,feature_1_block_slope_WINDOW_1,0.030178359366283398
PC46,2,feature_6_dominant_freq_WINDOW_2,0.017076033213725483
PC46,3,feature_1_block_dominant_freq_WINDOW_3,0.012975339308467792
PC46,4,feature_5_resid_std_WINDOW_3,0.012495183413143022
PC46,5,feature_7_slope_WINDOW_2,0.010503172395479902
PC46,6,feature_5_lag1_autocorr_WINDOW_3,0.010056530934227004
PC46,7,feature_1_block_resid_std_WINDOW_1,0.00884265641041043
PC46,8,feature_6_dominant_freq_WINDOW_1,0.008719755313564387
PC46,9,feature_1_block_resid_std_WINDOW_3,0.008545247158531092
PC46,10,feature_1_block_slope_WINDOW_2,0.008444504872905354
PC46,11,feature_5_dominant_freq_WINDOW_2,0.008137789620858656
PC46,12,feature_3_dominant_freq_WINDOW_3,0.0063432103066548015
PC46,13,feature_6_lag1_autocorr_WINDOW_2,0.005786635680983257
PC46,14,feature_1_block_dominant_freq_WINDOW_1,0.005785346719189457
PC46,15,feature_7_lag1_autocorr_WINDOW_1,0.005427095456727889
PC46,16,feature_3_resid_std_WINDOW_1,0.005335341062354798
PC46,17,feature_1_block_slope_WINDOW_3,0.005115872171310703
PC46,18,feature_5_resid_std_WINDOW_1,0.004705165565707749
PC46,19,feature_5_lag1_autocorr_WINDOW_1,0.0046569878368293025
PC46,20,feature_7_slope_WINDOW_3,0.004579847507542453
PC47,1,feature_7_slope_WINDOW_1,0.021878419771084286
PC47,2,feature_6_slope_WINDOW_1,0.015915021338160952
PC47,3,feature_3_slope_WINDOW_3,0.012747278285990229
PC47,4,feature_6_dominant_freq_WINDOW_3,0.012547269297279246
PC47,5,feature_1_block_resid_std_WINDOW_1,0.012231139892877474
PC47,6,feature_5_dominant_freq_WINDOW_3,0.009949614841106975
PC47,7,feature_7_slope_WINDOW_2,0.00986835306311577
PC47,8,feature_3_dominant_freq_WINDOW_3,0.00980279256226753
PC47,9,feature_3_lag1_autocorr_WINDOW_3,0.008928829936683175
PC47,10,feature_1_block_slope_WINDOW_1,0.008291478512961362
PC47,11,feature_1_block_slope_WINDOW_2,0.008105471261970112
PC47,12,feature_3_lag1_autocorr_WINDOW_2,0.006961700189245609
PC47,13,feature_1_block_dominant_freq_WINDOW_1,0.006754596491223121
PC47,14,feature_3_lag1_autocorr_WINDOW_1,0.006578816626698519
PC47,15,feature_3_slope_WINDOW_2,0.0057590768790696705
PC47,16,feature_3_resid_std_WINDOW_3,0.005011633893969151
PC47,17,feature_5_dominant_freq_WINDOW_2,0.0049090957266105725
PC47,18,feature_1_block_resid_std_WINDOW_3,0.004765632137139989
PC47,19,feature_5_resid_std_WINDOW_1,0.004641606885010183
PC47,20,feature_3_resid_std_WINDOW_2,0.0039156147545681835
PC48,1,feature_1_block_slope_WINDOW_2,0.03875339652261399
PC48,2,feature_7_slope_WINDOW_3,0.0209718855642422
PC48,3,feature_7_slope_WINDOW_2,0.014527421543065548
PC48,4,feature_5_dominant_freq_WINDOW_3,0.013738531218713042
PC48,5,feature_1_block_lag1_autocorr_WINDOW_3,0.008424690084045427
PC48,6,feature_5_resid_std_WINDOW_2,0.008421797771348062
PC48,7,feature_6_lag1_autocorr_WINDOW_3,0.0074289938812088984
PC48,8,feature_7_slope_WINDOW_1,0.007265714984001293
PC48,9,feature_6_lag1_autocorr_WINDOW_2,0.005167810074481164
PC48,10,feature_5_resid_std_WINDOW_3,0.004694134478187745
PC48,11,feature_1_block_resid_std_WINDOW_1,0.004277413337485357
PC48,12,feature_5_slope_WINDOW_3,0.00388887463428968
PC48,13,feature_1_block_median_WINDOW_3,0.0037629166449324883
PC48,14,feature_1_block_lag1_autocorr_WINDOW_1,0.003232601266009434
PC48,15,feature_3_slope_WINDOW_1,0.00312904228512044
PC48,16,feature_3_lag1_autocorr_WINDOW_2,0.002935729443147311
PC48,17,feature_6_dominant_freq_WINDOW_3,0.002875649572937272
PC48,18,feature_6_lag1_autocorr_WINDOW_1,0.0027730834175269926
PC48,19,feature_6_median_WINDOW_3,0.0027367392342181134
PC48,20,feature_6_median_WINDOW_2,0.002678569602026297
PC49,1,feature_5_resid_std_WINDOW_1,0.018163168258225445
PC49,2,feature_1_block_resid_std_WINDOW_1,0.014709392967657806
PC49,3,feature_1_block_dominant_freq_WINDOW_1,0.014071001908585718
PC49,4,feature_5_dominant_freq_WINDOW_1,0.013536739283937225
PC49,5,feature_5_dominant_freq_WINDOW_3,0.012217914416448093
PC49,6,feature_1_block_lag1_autocorr_WINDOW_2,0.0109523390806425
PC49,7,feature_5_lag1_autocorr_WINDOW_1,0.008976329639146092
PC49,8,feature_3_resid_std_WINDOW_3,0.008313885000052609
PC49,9,feature_3_dominant_freq_WINDOW_1,0.00803352019660712
PC49,10,feature_5_resid_std_WINDOW_2,0.0078388254762421
PC49,11,feature_1_block_slope_WINDOW_2,0.007240506552251623
PC49,12,feature_6_dominant_freq_WINDOW_1,0.00710882789589047
PC49,13,feature_5_resid_std_WINDOW_3,0.005702595107183697
PC49,14,feature_5_slope_WINDOW_2,0.004429787103229856
PC49,15,feature_1_block_resid_std_WINDOW_3,0.0040981705798738876
PC49,16,feature_3_slope_WINDOW_1,0.004058365505000883
PC49,17,feature_6_slope_WINDOW_3,0.0034446873089596405
PC49,18,feature_3_lag1_autocorr_WINDOW_3,0.0033164804928403615
PC49,19,feature_3_dominant_freq_WINDOW_2,0.002438343817660198
PC49,20,feature_3_resid_std_WINDOW_2,0.002044071054223513
PC50,1,feature_6_slope_WINDOW_2,0.013187631776109739
PC50,2,feature_3_slope_WINDOW_2,0.012127413316102587
PC50,3,feature_3_slope_WINDOW_1,0.011120600498229848
PC50,4,feature_5_lag1_autocorr_WINDOW_2,0.009743260207438369
PC50,5,feature_7_lag1_autocorr_WINDOW_3,0.006850116359990482
PC50,6,feature_7_slope_WINDOW_1,0.006609180681743291
PC50,7,feature_5_resid_std_WINDOW_2,0.006527749541645876
PC50,8,feature_3_dominant_freq_WINDOW_2,0.005988476747516243
PC50,9,feature_3_median_WINDOW_2,0.005377129666565772
PC50,10,feature_6_slope_WINDOW_1,0.004991456078291332
PC50,11,feature_5_dominant_freq_WINDOW_2,0.004918685728820551
PC50,12,feature_3_median_WINDOW_3,0.00432604971970471
PC50,13,feature_1_block_median_WINDOW_1,0.004124119552166946
PC50,14,feature_5_resid_std_WINDOW_3,0.0038270056945166734
PC50,15,feature_3_lag1_autocorr_WINDOW_3,0.0036501240082871846
PC50,16,feature_1_block_dominant_freq_WINDOW_3,0.0032681616255880344
PC50,17,feature_3_dominant_freq_WINDOW_1,0.003086349209117697
PC50,18,feature_1_block_dominant_freq_WINDOW_2,0.002961148635295953
PC50,19,feature_1_block_slope_WINDOW_2,0.0029555006169983385
PC50,20,feature_1_block_dominant_freq_WINDOW_1,0.0029161391489521075
PC51,1,feature_1_block_slope_WINDOW_2,0.018667205115571288
PC51,2,feature_3_slope_WINDOW_1,0.014665141829056145
PC51,3,feature_3_dominant_freq_WINDOW_3,0.010175660530863747
PC51,4,feature_1_block_slope_WINDOW_3,0.009204056839482626
PC51,5,feature_6_dominant_freq_WINDOW_1,0.0076869198791871315
PC51,6,feature_1_block_lag1_autocorr_WINDOW_3,0.007445371140817803
PC51,7,feature_3_resid_std_WINDOW_3,0.007252662728903139
PC51,8,feature_6_lag1_autocorr_WINDOW_2,0.006507506594726623
PC51,9,feature_5_lag1_autocorr_WINDOW_2,0.006291398820620424
PC51,10,feature_1_block_resid_std_WINDOW_2,0.005289289465633315
PC51,11,feature_3_resid_std_WINDOW_1,0.00526665535990443
PC51,12,feature_7_lag1_autocorr_WINDOW_1,0.004862130607559099
PC51,13,feature_7_slope_WINDOW_2,0.004789437211648629
PC51,14,feature_6_lag1_autocorr_WINDOW_3,0.0047829419428150645
PC51,15,feature_1_block_lag1_autocorr_WINDOW_2,0.004324678061418896
PC51,16,feature_1_block_dominant_freq_WINDOW_3,0.003832368982944428
PC51,17,feature_5_dominant_freq_WINDOW_3,0.003814294851890137
PC51,18,feature_1_block_resid_std_WINDOW_1,0.0034063707519096853
PC51,19,feature_5_resid_std_WINDOW_2,0.003087713038151661
PC51,20,feature_3_lag1_autocorr_WINDOW_1,0.002894691412541623
PC52,1,feature_6_lag1_autocorr_WINDOW_2,0.01933310863969877
PC52,2,feature_6_lag1_autocorr_WINDOW_3,0.01667234680922632
PC52,3,feature_5_dominant_freq_WINDOW_1,0.016452327199828285
PC52,4,feature_1_block_lag1_autocorr_WINDOW_2,0.011659971059239762
PC52,5,feature_6_resid_std_WINDOW_3,0.00861532301856908
PC52,6,feature_6_lag1_autocorr_WINDOW_1,0.006740628504850993
PC52,7,feature_1_block_resid_std_WINDOW_2,0.005863641561589819
PC52,8,feature_1_block_slope_WINDOW_3,0.0057433785039677845
PC52,9,feature_1_block_dominant_freq_WINDOW_1,0.00566326432272619
PC52,10,feature_5_slope_WINDOW_3,0.004416676253441953
PC52,11,feature_3_slope_WINDOW_1,0.0043669493512678995
PC52,12,feature_1_block_resid_std_WINDOW_1,0.004262554176520308
PC52,13,feature_5_resid_std_WINDOW_3,0.003912708269400852
PC52,14,feature_3_lag1_autocorr_WINDOW_2,0.0027900936214852743
PC52,15,feature_1_block_dominant_freq_WINDOW_2,0.0025100474484104247
PC52,16,feature_3_slope_WINDOW_3,0.002293356549395757
PC52,17,feature_5_resid_std_WINDOW_1,0.0021195454165894904
PC52,18,feature_5_dominant_freq_WINDOW_3,0.00208805460314333
PC52,19,feature_7_slope_WINDOW_1,0.0019799729094492993
PC52,20,feature_3_dominant_freq_WINDOW_2,0.0019585456616615423
PC53,1,feature_6_lag1_autocorr_WINDOW_2,0.011068826655681664
PC53,2,feature_1_block_slope_WINDOW_3,0.008726222612291518
PC53,3,feature_3_resid_std_WINDOW_2,0.0067373344339224815
PC53,4,feature_7_lag1_autocorr_WINDOW_3,0.006182197224006766
PC53,5,feature_7_slope_WINDOW_1,0.006148272217423611
PC53,6,feature_5_dominant_freq_WINDOW_3,0.0060970457378036426
PC53,7,feature_3_slope_WINDOW_1,0.005542397745490521
PC53,8,feature_5_resid_std_WINDOW_2,0.005334300036233135
PC53,9,feature_5_slope_WINDOW_3,0.005198879921965145
PC53,10,feature_7_slope_WINDOW_2,0.005108689504614213
PC53,11,feature_7_lag1_autocorr_WINDOW_1,0.00415340927814531
PC53,12,feature_6_slope_WINDOW_2,0.0035432413761911797
PC53,13,feature_1_block_dominant_freq_WINDOW_2,0.003272443260132873
PC53,14,feature_5_slope_WINDOW_2,0.0031282210998136387
PC53,15,feature_3_slope_WINDOW_2,0.003108854819621883
PC53,16,feature_1_block_slope_WINDOW_1,0.0030592305022539533
PC53,17,feature_5_resid_std_WINDOW_3,0.002794569761539722
PC53,18,feature_3_lag1_autocorr_WINDOW_2,0.0026135151859307494
PC53,19,feature_6_median_WINDOW_2,0.0025778999788376262
PC53,20,feature_6_median_WINDOW_3,0.0023475101294210725
PC54,1,feature_1_block_dominant_freq_WINDOW_1,0.009177289287260906
PC54,2,feature_1_block_slope_WINDOW_2,0.008929963073002112
PC54,3,feature_6_lag1_autocorr_WINDOW_2,0.007840275284813715
PC54,4,feature_1_block_dominant_freq_WINDOW_2,0.007419449418723994
PC54,5,feature_7_slope_WINDOW_2,0.006982553576446856
PC54,6,feature_3_dominant_freq_WINDOW_1,0.005709678393004122
PC54,7,feature_1_block_resid_std_WINDOW_2,0.005182873789152416
PC54,8,feature_3_slope_WINDOW_1,0.004562730743342582
PC54,9,feature_1_block_resid_std_WINDOW_1,0.004508660643318046
PC54,10,feature_3_resid_std_WINDOW_3,0.0032861008514409426
PC54,11,feature_6_lag1_autocorr_WINDOW_3,0.003162511389294971
PC54,12,feature_6_dominant_freq_WINDOW_2,0.002712876001688185
PC54,13,feature_1_block_resid_std_WINDOW_3,0.002534804039511698
PC54,14,feature_6_resid_std_WINDOW_3,0.0025057068999817258
PC54,15,feature_3_lag1_autocorr_WINDOW_3,0.0022894907338333608
PC54,16,feature_7_slope_WINDOW_3,0.002283727871888044
PC54,17,feature_6_lag1_autocorr_WINDOW_1,0.0020804557683807247
PC54,18,feature_7_lag1_autocorr_WINDOW_3,0.0020350029974686903
PC54,19,feature_5_lag1_autocorr_WINDOW_1,0.002010554011035462
PC54,20,feature_5_slope_WINDOW_1,0.0017587039928254995
PC55,1,feature_7_slope_WINDOW_2,0.012505801062471705
PC55,2,feature_7_slope_WINDOW_3,0.00653208928568666
PC55,3,feature_6_resid_std_WINDOW_1,0.006032935124481293
PC55,4,feature_5_resid_std_WINDOW_3,0.005575000388634911
PC55,5,feature_7_lag1_autocorr_WINDOW_2,0.004378906388647327
PC55,6,feature_6_lag1_autocorr_WINDOW_3,0.0040430158988626706
PC55,7,feature_7_median_WINDOW_1,0.003674192637905323
PC55,8,feature_7_median_WINDOW_2,0.003612510549086332
PC55,9,feature_1_block_resid_std_WINDOW_1,0.003593254999450583
PC55,10,feature_7_median_WINDOW_3,0.0035388584278871578
PC55,11,feature_7_slope_WINDOW_1,0.0032157874330835377
PC55,12,feature_5_dominant_freq_WINDOW_2,0.0019855394099663687
PC55,13,feature_1_block_lag1_autocorr_WINDOW_3,0.0017854041482539083
PC55,14,feature_3_resid_std_WINDOW_2,0.0017377867243494524
PC55,15,feature_7_lag1_autocorr_WINDOW_3,0.0017160945629055607
PC55,16,feature_3_dominant_freq_WINDOW_3,0.0015021431480326418
PC55,17,feature_3_lag1_autocorr_WINDOW_3,0.0014982459498087508
PC55,18,feature_7_lag1_autocorr_WINDOW_1,0.0013619500214546775
PC55,19,feature_6_dominant_freq_WINDOW_1,0.0013509622898651152
PC55,20,feature_3_slope_WINDOW_2,0.0012870673650709763
PC56,1,feature_6_lag1_autocorr_WINDOW_3,0.016822506516707383
PC56,2,feature_6_resid_std_WINDOW_1,0.013439083528756543
PC56,3,feature_7_slope_WINDOW_2,0.008282711256957268
PC56,4,feature_1_block_slope_WINDOW_3,0.006586640353339903
PC56,5,feature_1_block_resid_std_WINDOW_2,0.004427462925480262
PC56,6,feature_6_lag1_autocorr_WINDOW_2,0.003174099895579522
PC56,7,feature_1_block_lag1_autocorr_WINDOW_2,0.0029568315867085945
PC56,8,feature_3_slope_WINDOW_3,0.0025589800740151696
PC56,9,feature_7_resid_std_WINDOW_1,0.0015187165102141065
PC56,10,feature_7_lag1_autocorr_WINDOW_3,0.0014979800235170378
PC56,11,feature_6_resid_std_WINDOW_3,0.0014176000140804729
PC56,12,feature_7_resid_std_WINDOW_2,0.0012832500102945776
PC56,13,feature_1_block_dominant_freq_WINDOW_2,0.0012097198590191834
PC56,14,feature_3_median_WINDOW_2,0.001145908687683
PC56,15,feature_3_lag1_autocorr_WINDOW_3,0.0010858427541859048
PC56,16,feature_1_block_resid_std_WINDOW_1,0.0009759627427403407
PC56,17,feature_1_block_lag1_autocorr_WINDOW_3,0.0009351733805843263
PC56,18,feature_7_resid_std_WINDOW_3,0.0009259470652830621
PC56,19,feature_3_median_WINDOW_3,0.0008693336127606725
PC56,20,feature_3_lag1_autocorr_WINDOW_1,0.0008242322395039926
PC57,1,feature_7_slope_WINDOW_1,0.0134950140791554
PC57,2,feature_6_resid_std_WINDOW_1,0.01311084841212425
PC57,3,feature_7_slope_WINDOW_2,0.00498980483810738
PC57,4,feature_7_resid_std_WINDOW_3,0.00482593209948272
PC57,5,feature_1_block_dominant_freq_WINDOW_1,0.0036590435776180357
PC57,6,feature_7_resid_std_WINDOW_2,0.0035372109450175957
PC57,7,feature_1_block_resid_std_WINDOW_2,0.0033154151549284814
PC57,8,feature_7_resid_std_WINDOW_1,0.0029391225772144513
PC57,9,feature_6_lag1_autocorr_WINDOW_3,0.002560568841561905
PC57,10,feature_6_lag1_autocorr_WINDOW_2,0.0021907887419154847
PC57,11,feature_7_lag1_autocorr_WINDOW_3,0.0020261123948163255
PC57,12,feature_1_block_resid_std_WINDOW_1,0.0017888285420232651
PC57,13,feature_1_block_slope_WINDOW_3,0.0014773272222961575
PC57,14,feature_3_lag1_autocorr_WINDOW_3,0.001238377599859343
PC57,15,feature_3_dominant_freq_WINDOW_1,0.001090337012120033
PC57,16,feature_7_median_WINDOW_1,0.0009438713728630065
PC57,17,feature_7_median_WINDOW_3,0.0009140933055139046
PC57,18,feature_7_median_WINDOW_2,0.0009005402134933595
PC57,19,feature_1_block_slope_WINDOW_1,0.0008646771271180064
PC57,20,feature_3_dominant_freq_WINDOW_3,0.0008161045245732778
PC58,1,feature_7_slope_WINDOW_1,0.0076749745794265955
PC58,2,feature_1_block_slope_WINDOW_1,0.005915502240114112
PC58,3,feature_6_resid_std_WINDOW_1,0.005148602910866469
PC58,4,feature_1_block_slope_WINDOW_3,0.0036775036452076065
PC58,5,feature_1_block_resid_std_WINDOW_2,0.0022474472176108127
PC58,6,feature_7_resid_std_WINDOW_1,0.0018299921947866455
PC58,7,feature_7_resid_std_WINDOW_2,0.0017267016238548052
PC58,8,feature_3_median_WINDOW_3,0.0013126034184499824
PC58,9,feature_5_median_WINDOW_3,0.0012978937524092849
PC58,10,feature_7_slope_WINDOW_2,0.0012425851757436942
PC58,11,feature_5_slope_WINDOW_2,0.001160066961831093
PC58,12,feature_1_block_dominant_freq_WINDOW_2,0.0011471139131226105
PC58,13,feature_6_resid_std_WINDOW_3,0.0011338226481700262
PC58,14,feature_3_lag1_autocorr_WINDOW_3,0.001048108453469906
PC58,15,feature_7_resid_std_WINDOW_3,0.001006608373427913
PC58,16,feature_1_block_median_WINDOW_2,0.0009665024376441256
PC58,17,feature_5_slope_WINDOW_3,0.0007493666474049796
PC58,18,feature_7_median_WINDOW_1,0.000652252399934641
PC58,19,feature_7_median_WINDOW_2,0.0006358615577622098
PC58,20,feature_1_block_median_WINDOW_1,0.0005912565027360945
PC59,1,feature_5_median_WINDOW_1,0.009716278486627353
PC59,2,feature_6_resid_std_WINDOW_3,0.004775167919022626
PC59,3,feature_5_median_WINDOW_2,0.004052533046432328
PC59,4,feature_6_resid_std_WINDOW_2,0.001280052631837773
PC59,5,feature_5_median_WINDOW_3,0.0011374165732146498
PC59,6,feature_6_resid_std_WINDOW_1,0.0009617581526296061
PC59,7,feature_1_block_median_WINDOW_2,0.0008506858133314219
PC59,8,feature_6_lag1_autocorr_WINDOW_3,0.0005970647978159787
PC59,9,feature_1_block_median_WINDOW_1,0.00029531628445625705
PC59,10,feature_6_lag1_autocorr_WINDOW_2,0.00023505238591195351
PC59,11,feature_6_lag1_autocorr_WINDOW_1,0.00017940586319649385
PC59,12,feature_7_slope_WINDOW_1,0.00017934855101287686
PC59,13,feature_3_dominant_freq_WINDOW_1,0.0001662128909396655
PC59,14,feature_1_block_slope_WINDOW_3,0.00015011106688819466
PC59,15,feature_1_block_median_WINDOW_3,0.00012682933311755246
PC59,16,feature_5_dominant_freq_WINDOW_3,0.00010069264777863475
PC59,17,feature_3_resid_std_WINDOW_2,9.78634797106071e-05
PC59,18,feature_1_block_slope_WINDOW_1,9.303617728968843e-05
PC59,19,feature_6_slope_WINDOW_3,8.769699664111649e-05
PC59,20,feature_3_dominant_freq_WINDOW_3,8.744846090225376e-05
PC60,1,feature_6_resid_std_WINDOW_3,0.007748546199828046
PC60,2,feature_5_median_WINDOW_1,0.0045727518920902705
PC60,3,feature_6_lag1_autocorr_WINDOW_3,0.0022137693861152795
PC60,4,feature_6_resid_std_WINDOW_1,0.0015353411882962867
PC60,5,feature_3_median_WINDOW_1,0.001166789369382061
PC60,6,feature_5_median_WINDOW_2,0.0010119832341625005
PC60,7,feature_3_median_WINDOW_3,0.0009544645606590389
PC60,8,feature_6_lag1_autocorr_WINDOW_1,0.0006219900026984169
PC60,9,feature_5_median_WINDOW_3,0.0005210216628512676
PC60,10,feature_1_block_slope_WINDOW_3,0.0004526279455455159
PC60,11,feature_6_lag1_autocorr_WINDOW_2,0.00024459401420206904
PC60,12,feature_3_resid_std_WINDOW_3,0.00017387646949644883
PC60,13,feature_5_lag1_autocorr_WINDOW_1,0.00014212368473323603
PC60,14,feature_1_block_median_WINDOW_1,0.0001380472082846482
PC60,15,feature_1_block_slope_WINDOW_1,0.00012341966270601798
PC60,16,feature_1_block_median_WINDOW_2,0.0001202309136159647
PC60,17,feature_5_resid_std_WINDOW_1,0.00011425722378767936
PC60,18,feature_7_median_WINDOW_3,0.0001128876489850786
PC60,19,feature_3_median_WINDOW_2,0.00010573752576109981
PC60,20,feature_1_block_resid_std_WINDOW_2,0.00010313151750298546
PC61,1,feature_6_resid_std_WINDOW_2,0.008773197379336697
PC61,2,feature_6_lag1_autocorr_WINDOW_2,0.001641519129453159
PC61,3,feature_1_block_median_WINDOW_1,0.0013844847963069486
PC61,4,feature_5_median_WINDOW_3,0.0009119057585584196
PC61,5,feature_1_block_median_WINDOW_2,0.0006854199063042169
PC61,6,feature_5_median_WINDOW_1,0.0005537479084051298
PC61,7,feature_6_resid_std_WINDOW_1,0.0004892162212657606
PC61,8,feature_1_block_slope_WINDOW_2,0.0003295313160175208
PC61,9,feature_6_resid_std_WINDOW_3,0.00031659680202449124
PC61,10,feature_1_block_median_WINDOW_3,0.0002565694317526376
PC61,11,feature_3_median_WINDOW_3,0.00025416066530904247
PC61,12,feature_3_slope_WINDOW_3,0.00022157721402654866
PC61,13,feature_1_block_slope_WINDOW_1,0.0002006927651705707
PC61,14,feature_6_lag1_autocorr_WINDOW_3,0.00019640501488561618
PC61,15,feature_1_block_dominant_freq_WINDOW_3,0.00016514318916933685
PC61,16,feature_1_block_lag1_autocorr_WINDOW_3,0.00014904786207580717
PC61,17,feature_3_median_WINDOW_1,0.00014659234069050803
PC61,18,feature_5_resid_std_WINDOW_2,0.00012267916623665185
PC61,19,feature_3_slope_WINDOW_2,0.0001022088357895705
PC61,20,feature_1_block_dominant_freq_WINDOW_1,6.0924852500443015e-05
PC62,1,feature_5_median_WINDOW_3,0.0043581103473624
PC62,2,feature_1_block_median_WINDOW_2,0.0025592437166839623
PC62,3,feature_5_median_WINDOW_2,0.0023608620253510867
PC62,4,feature_1_block_median_WINDOW_1,0.00228098678293121
PC62,5,feature_1_block_median_WINDOW_3,0.0007738684903980559
PC62,6,feature_6_resid_std_WINDOW_1,0.0005169932196366589
PC62,7,feature_6_resid_std_WINDOW_3,0.0003976452922161921
PC62,8,feature_3_median_WINDOW_1,0.000386346296690843
PC62,9,feature_3_median_WINDOW_2,0.0003082664424080599
PC62,10,feature_7_resid_std_WINDOW_2,0.00025591153367660773
PC62,11,feature_1_block_slope_WINDOW_1,0.00022759962915978722
PC62,12,feature_5_median_WINDOW_1,0.00018508130311663352
PC62,13,feature_1_block_slope_WINDOW_2,0.0001485767716723782
PC62,14,feature_1_block_slope_WINDOW_3,9.625113223685643e-05
PC62,15,feature_6_resid_std_WINDOW_2,7.896425719798097e-05
PC62,16,feature_7_resid_std_WINDOW_3,7.36381946803806e-05
PC62,17,feature_7_slope_WINDOW_1,6.180122404166037e-05
PC62,18,feature_1_block_lag1_autocorr_WINDOW_2,5.838754700966384e-05
PC62,19,feature_3_median_WINDOW_3,5.298189808215054e-05
PC62,20,feature_1_block_lag1_autocorr_WINDOW_1,4.7146812225765445e-05
PC63,1,feature_3_median_WINDOW_1,0.0044764477547434255
PC63,2,feature_3_median_WINDOW_3,0.004031692884069372
PC63,3,feature_6_resid_std_WINDOW_2,0.0008761443922346976
PC63,4,feature_5_median_WINDOW_3,0.0005249212954322446
PC63,5,feature_6_lag1_autocorr_WINDOW_3,0.00033838531284292314
PC63,6,feature_3_slope_WINDOW_2,0.0002860718692874544
PC63,7,feature_5_median_WINDOW_2,0.0002712285214615582
PC63,8,feature_7_resid_std_WINDOW_3,0.0002470936125151802
PC63,9,feature_6_resid_std_WINDOW_3,0.0001805860740042294
PC63,10,feature_7_slope_WINDOW_1,0.00017686212267008515
PC63,11,feature_6_lag1_autocorr_WINDOW_2,0.0001602693313268224
PC63,12,feature_1_block_resid_std_WINDOW_2,0.00014958916880253564
PC63,13,feature_6_resid_std_WINDOW_1,0.000145026412022445
PC63,14,feature_6_lag1_autocorr_WINDOW_1,0.00013178985708889359
PC63,15,feature_1_block_slope_WINDOW_3,0.00010218207013149701
PC63,16,feature_1_block_slope_WINDOW_1,9.571752928011215e-05
PC63,17,feature_3_lag1_autocorr_WINDOW_3,7.134823528090649e-05
PC63,18,feature_5_median_WINDOW_1,6.167931660678792e-05
PC63,19,feature_3_slope_WINDOW_1,5.6746677881088124e-05
PC63,20,feature_1_block_lag1_autocorr_WINDOW_3,5.53636299066697e-05
PC64,1,feature_1_block_median_WINDOW_2,0.0025196674904361745
PC64,2,feature_5_median_WINDOW_2,0.0018342431958880611
PC64,3,feature_5_median_WINDOW_3,0.0010177629058956126
PC64,4,feature_1_block_median_WINDOW_1,0.0007647349203373133
PC64,5,feature_6_resid_std_WINDOW_2,0.0004255599790715637
PC64,6,feature_3_median_WINDOW_3,0.000391789920141529
PC64,7,feature_1_block_median_WINDOW_3,0.00032180747608238447
PC64,8,feature_3_median_WINDOW_1,0.0003050603415517445
PC64,9,feature_6_lag1_autocorr_WINDOW_3,0.00012675947999321322
PC64,10,feature_5_median_WINDOW_1,0.00012405261187848978
PC64,11,feature_1_block_slope_WINDOW_1,8.547183451856064e-05
PC64,12,feature_6_lag1_autocorr_WINDOW_2,6.788250291325371e-05
PC64,13,feature_7_resid_std_WINDOW_2,4.269010609308364e-05
PC64,14,feature_7_slope_WINDOW_1,3.964502475269528e-05
PC64,15,feature_3_slope_WINDOW_3,3.695986287432255e-05
PC64,16,feature_1_block_resid_std_WINDOW_3,3.450887661702669e-05
PC64,17,feature_3_median_WINDOW_2,3.4138227157001004e-05
PC64,18,feature_3_lag1_autocorr_WINDOW_2,2.808827596454111e-05
PC64,19,feature_1_block_resid_std_WINDOW_2,2.4642807566823498e-05
PC64,20,feature_6_slope_WINDOW_3,2.0130246002202094e-05
PC65,1,feature_1_block_median_WINDOW_3,0.004234708673764587
PC65,2,feature_1_block_median_WINDOW_2,0.0005060420086770544
PC65,3,feature_1_block_median_WINDOW_1,0.00033234508633337654
PC65,4,feature_1_block_slope_WINDOW_3,0.00027636822216005444
PC65,5,feature_5_median_WINDOW_3,0.000261077686991145
PC65,6,feature_3_median_WINDOW_1,0.00025049253622031424
PC65,7,feature_1_block_slope_WINDOW_2,0.00022662888258240333
PC65,8,feature_6_resid_std_WINDOW_2,0.0002075253739195137
PC65,9,feature_5_median_WINDOW_2,0.00017216570333800877
PC65,10,feature_3_median_WINDOW_2,7.940670181538626e-05
PC65,11,feature_1_block_slope_WINDOW_1,6.450766586003298e-05
PC65,12,feature_7_resid_std_WINDOW_2,6.349255564673063e-05
PC65,13,feature_6_lag1_autocorr_WINDOW_2,4.591152403017774e-05
PC65,14,feature_6_resid_std_WINDOW_3,4.196705304516713e-05
PC65,15,feature_1_block_lag1_autocorr_WINDOW_2,4.187254216365971e-05
PC65,16,feature_1_block_lag1_autocorr_WINDOW_3,3.796489296735749e-05
PC65,17,feature_7_resid_std_WINDOW_3,3.764511781029867e-05
PC65,18,feature_7_resid_std_WINDOW_1,3.441513133521054e-05
PC65,19,feature_6_resid_std_WINDOW_1,3.1455728074967757e-05
PC65,20,feature_3_median_WINDOW_3,2.384783903206069e-05
PC66,1,feature_3_median_WINDOW_2,0.0020474824151604423
PC66,2,feature_3_median_WINDOW_3,0.0007841593026018725
PC66,3,feature_7_resid_std_WINDOW_1,0.00039178843367662197
PC66,4,feature_3_median_WINDOW_1,0.0003769025437309246
PC66,5,feature_7_resid_std_WINDOW_3,0.00029815072876642135
PC66,6,feature_1_block_median_WINDOW_2,0.00011834688361939993
PC66,7,feature_1_block_median_WINDOW_3,6.314965013892848e-05
PC66,8,feature_3_lag1_autocorr_WINDOW_2,6.021905389698635e-05
PC66,9,feature_3_slope_WINDOW_3,5.364017500168772e-05
PC66,10,feature_5_median_WINDOW_3,4.345417116479153e-05
PC66,11,feature_3_lag1_autocorr_WINDOW_3,3.7379802981539844e-05
PC66,12,feature_1_block_slope_WINDOW_3,3.453752464179647e-05
PC66,13,feature_6_resid_std_WINDOW_1,2.5597797691428403e-05
PC66,14,feature_6_resid_std_WINDOW_2,2.4539363886579967e-05
PC66,15,feature_3_slope_WINDOW_1,2.2428317964752878e-05
PC66,16,feature_5_median_WINDOW_2,1.753780079999408e-05
PC66,17,feature_1_block_median_WINDOW_1,1.4958936485564138e-05
PC66,18,feature_5_median_WINDOW_1,1.492598645771508e-05
PC66,19,feature_3_resid_std_WINDOW_2,1.0600854836282328e-05
PC66,20,feature_1_block_slope_WINDOW_1,1.018698010401545e-05
PC67,1,feature_7_resid_std_WINDOW_1,0.0017163587537314781
PC67,2,feature_7_resid_std_WINDOW_3,0.0004207020370401423
PC67,3,feature_7_resid_std_WINDOW_2,0.00039779666428565476
PC67,4,feature_3_median_WINDOW_2,0.00025218139387161076
PC67,5,feature_3_median_WINDOW_1,8.391463271480187e-05
PC67,6,feature_3_median_WINDOW_3,5.205998647683887e-05
PC67,7,feature_6_resid_std_WINDOW_3,1.3410877522542592e-05
PC67,8,feature_1_block_median_WINDOW_3,1.0920687313907562e-05
PC67,9,feature_3_lag1_autocorr_WINDOW_2,1.0689166035103454e-05
PC67,10,feature_5_median_WINDOW_1,6.3385202479547084e-06
PC67,11,feature_5_median_WINDOW_3,5.787371934002827e-06
PC67,12,feature_3_slope_WINDOW_1,5.324914354667092e-06
PC67,13,feature_6_resid_std_WINDOW_1,4.054926735154261e-06
PC67,14,feature_3_slope_WINDOW_3,3.5721943368151007e-06
PC67,15,feature_7_slope_WINDOW_2,3.5561173936529917e-06
PC67,16,feature_3_resid_std_WINDOW_2,2.280199438637947e-06
PC67,17,feature_3_lag1_autocorr_WINDOW_1,2.0157822191230762e-06
PC67,18,feature_1_block_median_WINDOW_2,1.921180918099809e-06
PC67,19,feature_7_lag1_autocorr_WINDOW_1,1.715952118752814e-06
PC67,20,feature_1_block_resid_std_WINDOW_2,1.6361506378555142e-06
PC68,1,feature_7_resid_std_WINDOW_2,0.0009087327854959964
PC68,2,feature_7_resid_std_WINDOW_3,0.0008092065993264558
PC68,3,feature_1_block_median_WINDOW_2,2.595662756961334e-05
PC68,4,feature_5_median_WINDOW_3,2.126188794174625e-05
PC68,5,feature_3_median_WINDOW_2,1.9996406549902253e-05
PC68,6,feature_3_median_WINDOW_1,1.8409309580536014e-05
PC68,7,feature_1_block_median_WINDOW_1,1.0282395726737987e-05
PC68,8,feature_5_median_WINDOW_2,8.237513515213732e-06
PC68,9,feature_7_resid_std_WINDOW_1,7.644298457340576e-06
PC68,10,feature_5_median_WINDOW_1,4.636323180615587e-06
PC68,11,feature_1_block_slope_WINDOW_1,2.6320448815660798e-06
PC68,12,feature_3_lag1_autocorr_WINDOW_3,1.7187671525565214e-06
PC68,13,feature_3_slope_WINDOW_3,1.1408323950315118e-06
PC68,14,feature_1_block_dominant_freq_WINDOW_3,1.082054855154754e-06
PC68,15,feature_7_median_WINDOW_1,8.53593735987251e-07
PC68,16,feature_7_median_WINDOW_2,6.276873567042601e-07
PC68,17,feature_7_lag1_autocorr_WINDOW_3,5.388225296030553e-07
PC68,18,feature_1_block_median_WINDOW_3,5.165968236150061e-07
PC68,19,feature_3_lag1_autocorr_WINDOW_1,5.019004882509038e-07
PC68,20,feature_1_block_lag1_autocorr_WINDOW_2,4.601668177505572e-07
PC69,1,feature_6_median_WINDOW_3,4.1101777380989054e-05
PC69,2,feature_6_median_WINDOW_2,3.314834553743517e-05
PC69,3,feature_7_median_WINDOW_1,8.082634286319094e-07
PC69,4,feature_6_median_WINDOW_1,4.7023593696178583e-07
PC69,5,feature_7_median_WINDOW_2,2.653961820863589e-07
PC69,6,feature_7_median_WINDOW_3,1.3951644409520887e-07
PC69,7,feature_7_resid_std_WINDOW_1,1.429895904723105e-08
PC69,8,feature_7_resid_std_WINDOW_2,3.965472314256781e-09
PC69,9,feature_1_block_slope_WINDOW_3,2.513642812500217e-09
PC69,10,feature_7_slope_WINDOW_1,2.190491059655693e-09
PC69,11,feature_5_median_WINDOW_3,2.0903151048761387e-09
PC69,12,feature_3_median_WINDOW_1,1.9244806478985433e-09
PC69,13,feature_3_median_WINDOW_2,1.8560615268886444e-09
PC69,14,feature_1_block_slope_WINDOW_1,1.3076029826282716e-09
PC69,15,feature_1_block_resid_std_WINDOW_2,8.925592746954976e-10
PC69,16,feature_5_resid_std_WINDOW_3,7.11780652591859e-10
PC69,17,feature_1_block_dominant_freq_WINDOW_1,7.073846581425534e-10
PC69,18,feature_3_slope_WINDOW_1,6.876291309873124e-10
PC69,19,feature_3_lag1_autocorr_WINDOW_2,6.543945743443691e-10
PC69,20,feature_5_median_WINDOW_1,5.972774075869682e-10
PC70,1,feature_6_median_WINDOW_1,3.157564379854098e-05
PC70,2,feature_6_median_WINDOW_2,1.0138802328841698e-05
PC70,3,feature_6_median_WINDOW_3,5.564951707359456e-06
PC70,4,feature_7_median_WINDOW_1,2.2171392542407058e-07
PC70,5,feature_7_median_WINDOW_2,1.6839953044690767e-07
PC70,6,feature_3_median_WINDOW_2,3.158638142270832e-08
PC70,7,feature_3_median_WINDOW_1,1.3347432575501783e-08
PC70,8,feature_1_block_median_WINDOW_2,5.4872144660262996e-09
PC70,9,feature_3_median_WINDOW_3,5.02643506818775e-09
PC70,10,feature_6_lag1_autocorr_WINDOW_3,4.374637107365089e-09
PC70,11,feature_1_block_median_WINDOW_3,4.019165888711484e-09
PC70,12,feature_6_resid_std_WINDOW_3,3.531003534541923e-09
PC70,13,feature_7_resid_std_WINDOW_2,3.078191102916218e-09
PC70,14,feature_3_slope_WINDOW_3,2.1478551907568156e-09
PC70,15,feature_1_block_slope_WINDOW_2,1.560436425608917e-09
PC70,16,feature_3_lag1_autocorr_WINDOW_3,1.3585192653528094e-09
PC70,17,feature_3_lag1_autocorr_WINDOW_2,1.2394533619126376e-09
PC70,18,feature_5_median_WINDOW_3,1.1105573248553446e-09
PC70,19,feature_5_slope_WINDOW_1,1.0765170041418809e-09
PC70,20,feature_7_slope_WINDOW_1,9.999762832458196e-10
PC71,1,feature_7_median_WINDOW_3,1.368352775443198e-05
PC71,2,feature_7_median_WINDOW_1,9.567875245585889e-06
PC71,3,feature_7_median_WINDOW_2,3.461343729876004e-07
PC71,4,feature_6_median_WINDOW_2,1.4264021196006802e-07
PC71,5,feature_6_median_WINDOW_3,7.693669997387044e-08
PC71,6,feature_6_median_WINDOW_1,1.4336226545498033e-08
PC71,7,feature_7_resid_std_WINDOW_2,5.6105816367397195e-09
PC71,8,feature_1_block_median_WINDOW_3,3.154164826016589e-09
PC71,9,feature_3_median_WINDOW_2,2.017736987576295e-09
PC71,10,feature_7_resid_std_WINDOW_1,1.3438294460245008e-09
PC71,11,feature_6_resid_std_WINDOW_2,1.2124260076184061e-09
PC71,12,feature_3_median_WINDOW_1,1.0096067124787636e-09
PC71,13,feature_7_resid_std_WINDOW_3,8.995465409135192e-10
PC71,14,feature_1_block_median_WINDOW_1,3.646551769280216e-10
PC71,15,feature_1_block_slope_WINDOW_2,3.314994715239758e-10
PC71,16,feature_1_block_slope_WINDOW_1,2.937790002902858e-10
PC71,17,feature_6_resid_std_WINDOW_3,2.642372234268365e-10
PC71,18,feature_5_median_WINDOW_2,2.4923545018691e-10
PC71,19,feature_3_median_WINDOW_3,2.3057407817870552e-10
PC71,20,feature_1_block_median_WINDOW_2,2.2535850460857965e-10
PC72,1,feature_7_median_WINDOW_2,8.369867039941277e-06
PC72,2,feature_7_median_WINDOW_1,3.2270036588439605e-06
PC72,3,feature_7_median_WINDOW_3,1.1994605608490821e-06
PC72,4,feature_6_median_WINDOW_2,1.1993334279536718e-07
PC72,5,feature_6_median_WINDOW_1,4.7945079632412856e-08
PC72,6,feature_6_median_WINDOW_3,1.7646426341537013e-08
PC72,7,feature_1_block_median_WINDOW_2,4.012536835001627e-09
PC72,8,feature_7_resid_std_WINDOW_2,3.505223359473326e-09
PC72,9,feature_7_resid_std_WINDOW_3,3.1900595381414042e-09
PC72,10,feature_1_block_median_WINDOW_3,1.241637045809119e-09
PC72,11,feature_1_block_median_WINDOW_1,7.065078207344e-10
PC72,12,feature_5_median_WINDOW_3,4.835773540752828e-10
PC72,13,feature_5_median_WINDOW_2,1.3666537238927752e-10
PC72,14,feature_3_median_WINDOW_2,1.303681769577255e-10
PC72,15,feature_3_median_WINDOW_3,7.788144302419092e-11
PC72,16,feature_5_median_WINDOW_1,7.615451800630551e-11
PC72,17,feature_7_slope_WINDOW_2,7.38178107660206e-11
PC72,18,feature_7_lag1_autocorr_WINDOW_2,7.326120238895356e-11
PC72,19,feature_1_block_slope_WINDOW_1,7.081332562872984e-11
PC72,20,feature_7_slope_WINDOW_3,5.6713052704728014e-11
PC73,1,feature_7_dominant_freq_WINDOW_1,1.755185953427276e-32
PC73,2,feature_7_dominant_freq_WINDOW_3,1.419522757158973e-32
PC73,3,feature_7_dominant_freq_WINDOW_2,2.0917827433041445e-33
PC73,4,feature_7_median_WINDOW_1,3.570899949105561e-60
PC73,5,feature_6_median_WINDOW_1,1.9805976016807453e-60
PC73,6,feature_7_median_WINDOW_3,1.6826711277496262e-60
PC73,7,feature_6_median_WINDOW_2,8.049530338657496e-61
PC73,8,feature_7_median_WINDOW_2,3.910509413903808e-61
PC73,9,feature_6_median_WINDOW_3,2.3998667445435212e-61
PC73,10,feature_7_resid_std_WINDOW_2,3.853700206355493e-63
PC73,11,feature_7_resid_std_WINDOW_1,1.5967797197868133e-63
PC73,12,feature_6_lag1_autocorr_WINDOW_1,4.548707318655349e-64
PC73,13,feature_7_resid_std_WINDOW_3,4.357804974013333e-64
PC73,14,feature_5_median_WINDOW_2,3.715205122740462e-64
PC73,15,feature_7_lag1_autocorr_WINDOW_1,3.4789840842754496e-64
PC73,16,feature_1_block_slope_WINDOW_3,3.224475451243742e-64
PC73,17,feature_3_resid_std_WINDOW_1,3.154126343910786e-64
PC73,18,feature_3_lag1_autocorr_WINDOW_3,2.896674947846811e-64
PC73,19,feature_6_resid_std_WINDOW_3,2.7731721717841096e-64
PC73,20,feature_1_block_dominant_freq_WINDOW_3,2.6038413121063346e-64
PC74,1,feature_7_dominant_freq_WINDOW_1,1.5902663808715536e-32
PC74,2,feature_7_dominant_freq_WINDOW_3,1.256380469458809e-32
PC74,3,feature_7_dominant_freq_WINDOW_2,5.372401345862986e-33
PC74,4,feature_6_median_WINDOW_1,2.871572586611973e-62
PC74,5,feature_6_median_WINDOW_3,2.4250191317084126e-62
PC74,6,feature_7_median_WINDOW_2,1.8030114004290897e-62
PC74,7,feature_7_median_WINDOW_3,1.6504891430022553e-62
PC74,8,feature_6_median_WINDOW_2,1.8446773441627071e-63
PC74,9,feature_7_resid_std_WINDOW_1,1.5625611395532888e-63
PC74,10,feature_5_median_WINDOW_2,1.4319406045329106e-63
PC74,11,feature_6_resid_std_WINDOW_3,1.2973322622439465e-63
PC74,12,feature_5_median_WINDOW_1,1.0532220170672314e-63
PC74,13,feature_1_block_median_WINDOW_1,1.0136717945241496e-63
PC74,14,feature_6_resid_std_WINDOW_1,9.298732286378778e-64
PC74,15,feature_3_dominant_freq_WINDOW_1,4.996309436886491e-64
PC74,16,feature_7_resid_std_WINDOW_2,4.829247647006094e-64
PC74,17,feature_1_block_slope_WINDOW_2,4.541955896398574e-64
PC74,18,feature_3_resid_std_WINDOW_1,4.173112129592578e-64
PC74,19,feature_3_slope_WINDOW_1,4.1260242094195784e-64
PC74,20,feature_3_dominant_freq_WINDOW_3,3.238028863025226e-64
PC75,1,feature_7_dominant_freq_WINDOW_2,2.6374685759999506e-32
PC75,2,feature_7_dominant_freq_WINDOW_3,7.07983758298879e-33
PC75,3,feature_7_dominant_freq_WINDOW_1,3.8434650617833994e-34
PC75,4,feature_7_median_WINDOW_1,1.3262238431118775e-62
PC75,5,feature_6_median_WINDOW_1,9.580565739493944e-63
PC75,6,feature_7_median_WINDOW_2,8.416640133059515e-63
PC75,7,feature_6_median_WINDOW_3,2.288520181616647e-63
PC75,8,feature_7_median_WINDOW_3,2.1200940012959886e-63
PC75,9,feature_6_median_WINDOW_2,6.087988335701124e-64
PC75,10,feature_7_resid_std_WINDOW_1,5.964498277395885e-64
PC75,11,feature_6_lag1_autocorr_WINDOW_2,5.5893522880769373e-64
PC75,12,feature_1_block_lag1_autocorr_WINDOW_3,3.91148505416962e-64
PC75,13,feature_6_resid_std_WINDOW_1,3.667779000975045e-64
PC75,14,feature_5_slope_WINDOW_2,3.2457963177431983e-64
PC75,15,feature_6_slope_WINDOW_2,2.3478847093747115e-64
PC75,16,feature_1_block_median_WINDOW_1,2.0532995654645454e-64
PC75,17,feature_5_median_WINDOW_3,1.989101591233419e-64
PC75,18,feature_3_median_WINDOW_1,1.9133374653930583e-64
PC75,19,feature_3_resid_std_WINDOW_1,1.9087034659837967e-64
PC75,20,feature_5_median_WINDOW_1,1.7666006802064672e-64
