run_id,run_start_date,oob_r2,topk_mdi_raw,pi_r2_drop_topk
RUN_025,2025-03-19,0.2907085236516984,"feature_3_median_WINDOW_1(0.204), feature_3_median_WINDOW_3(0.087), feature_3_median_WINDOW_2(0.070), feature_4_mean_lag1_autocorr_WINDOW_2(0.040), feature_1_block_median_WINDOW_2(0.037)","feature_3_median_WINDOW_1(0.367), feature_1_block_dominant_freq_WINDOW_2(0.046), feature_3_median_WINDOW_2(0.046), feature_3_median_WINDOW_3(0.044), feature_4_mean_lag1_autocorr_WINDOW_2(0.025)"
RUN_026,2025-03-22,0.4765304646625814,"feature_3_median_WINDOW_1(0.211), feature_3_median_WINDOW_2(0.116), feature_3_median_WINDOW_3(0.073), cai_f1_over_f3_WINDOW_3(0.047), feature_12(0.041)","feature_3_median_WINDOW_1(0.157), feature_3_median_WINDOW_2(0.096), feature_1_block_median_WINDOW_2(0.037), feature_1_block_median_WINDOW_3(0.032), feature_3_slope_WINDOW_1(0.029)"
RUN_027,2025-03-25,0.43231891130102085,"feature_3_median_WINDOW_1(0.221), feature_3_median_WINDOW_3(0.079), feature_3_median_WINDOW_2(0.066), feature_10_ext_metric_resid_std_WINDOW_2(0.055), feature_12(0.041)","feature_3_median_WINDOW_1(0.377), feature_3_median_WINDOW_3(0.060), feature_1_block_median_WINDOW_3(0.056), feature_1_block_median_WINDOW_1(0.044), feature_1_block_median_WINDOW_2(0.042)"
RUN_028,2025-03-28,0.5053843299581666,"feature_3_median_WINDOW_1(0.222), feature_3_median_WINDOW_2(0.086), feature_3_median_WINDOW_3(0.078), feature_10_ext_metric_resid_std_WINDOW_2(0.072), feature_1_block_median_WINDOW_1(0.050)","feature_3_median_WINDOW_1(0.236), feature_3_median_WINDOW_3(0.044), feature_3_median_WINDOW_2(0.040), feature_1_block_median_WINDOW_3(0.035), feature_1_block_median_WINDOW_1(0.031)"
RUN_029,2025-03-31,0.43476688007387254,"feature_3_median_WINDOW_3(0.212), feature_3_median_WINDOW_1(0.125), feature_12(0.096), feature_3_median_WINDOW_2(0.094), feature_10_ext_metric_resid_std_WINDOW_2(0.026)","feature_3_median_WINDOW_3(0.273), feature_3_median_WINDOW_1(0.149), feature_12(0.109), feature_3_median_WINDOW_2(0.075), cai_f1_over_f3_WINDOW_3(0.048)"
RUN_030,2025-04-03,0.4457032558936208,"feature_3_median_WINDOW_1(0.296), feature_3_median_WINDOW_3(0.123), feature_3_median_WINDOW_2(0.098), feature_1_block_median_WINDOW_1(0.039), feature_1_block_median_WINDOW_3(0.031)","feature_3_median_WINDOW_1(0.486), feature_3_median_WINDOW_3(0.151), feature_12(0.054), feature_3_median_WINDOW_2(0.049), feature_1_block_median_WINDOW_1(0.026)"
RUN_031,2025-04-06,0.4014926171404892,"feature_3_median_WINDOW_1(0.314), feature_3_median_WINDOW_3(0.110), feature_3_median_WINDOW_2(0.087), feature_1_block_median_WINDOW_1(0.040), feature_12(0.038)","feature_3_median_WINDOW_3(0.556), feature_12(0.103), feature_4_mean_lag1_autocorr_WINDOW_1(0.034), feature_4_mean_slope_WINDOW_1(0.033), feature_3_dominant_freq_WINDOW_2(0.016)"
RUN_032,2025-04-09,0.2545232028054103,"feature_3_median_WINDOW_1(0.293), feature_3_median_WINDOW_2(0.107), feature_3_median_WINDOW_3(0.102), feature_12(0.039), feature_4_mean_lag1_autocorr_WINDOW_1(0.031)","feature_3_median_WINDOW_3(0.281), feature_3_median_WINDOW_1(0.188), feature_10_ext_metric_resid_std_WINDOW_2(0.175), feature_12(0.166), feature_1_block_slope_WINDOW_3(0.118)"
RUN_033,2025-04-12,0.35645813763498047,"feature_3_median_WINDOW_1(0.347), feature_3_median_WINDOW_2(0.119), feature_3_median_WINDOW_3(0.111), feature_12(0.022), feature_3_slope_WINDOW_3(0.020)","feature_7_slope_WINDOW_2(0.249), feature_9_resid_std_WINDOW_2(0.015), feature_1_block_median_WINDOW_3(0.009), feature_17(0.006), feature_3_median_WINDOW_2(-0.002)"
RUN_034,2025-04-15,0.3589343221576369,"feature_3_median_WINDOW_2(0.212), feature_3_median_WINDOW_1(0.207), feature_3_median_WINDOW_3(0.093), feature_16(0.029), feature_3_slope_WINDOW_3(0.028)","feature_7_slope_WINDOW_2(0.824), feature_17(0.039), feature_3_slope_WINDOW_3(0.024), feature_12(0.021), feature_1_block_median_WINDOW_1(0.012)"
RUN_035,2025-04-18,0.22779873664765982,"feature_3_median_WINDOW_1(0.168), feature_3_median_WINDOW_2(0.143), feature_3_median_WINDOW_3(0.073), feature_1_block_median_WINDOW_1(0.048), feature_7_slope_WINDOW_2(0.042)","feature_7_slope_WINDOW_2(0.988), feature_1_block_median_WINDOW_1(0.028), feature_3_lag1_autocorr_WINDOW_3(0.022), feature_3_median_WINDOW_2(0.017), feature_3_median_WINDOW_1(0.011)"
RUN_036,2025-04-21,0.2206158428166225,"feature_3_median_WINDOW_2(0.178), feature_3_median_WINDOW_1(0.139), feature_3_median_WINDOW_3(0.073), feature_7_slope_WINDOW_2(0.067), feature_1_block_median_WINDOW_1(0.038)","feature_7_slope_WINDOW_2(1.108), feature_3_median_WINDOW_3(0.085), feature_5_lag1_autocorr_WINDOW_1(0.047), feature_3_median_WINDOW_2(0.020), feature_3_median_WINDOW_1(0.010)"
RUN_037,2025-04-24,0.1525488372945658,"feature_3_median_WINDOW_2(0.133), feature_3_median_WINDOW_1(0.083), feature_7_slope_WINDOW_2(0.051), feature_12(0.043), feature_3_median_WINDOW_3(0.040)","feature_7_slope_WINDOW_2(0.978), feature_7_lag1_autocorr_WINDOW_2(0.063), feature_3_median_WINDOW_3(0.033), feature_3_slope_WINDOW_3(0.024), feature_3_median_WINDOW_2(0.018)"
RUN_038,2025-04-27,0.1979638536083258,"feature_3_median_WINDOW_2(0.130), feature_3_median_WINDOW_1(0.121), feature_7_slope_WINDOW_2(0.069), feature_1_block_median_WINDOW_1(0.065), feature_3_median_WINDOW_3(0.043)","feature_7_slope_WINDOW_2(1.740), feature_12(0.070), feature_6_median_WINDOW_2(0.068), feature_4_mean_resid_std_WINDOW_1(0.049), feature_6_median_WINDOW_1(0.022)"
RUN_043,2025-05-12,0.24990728976707977,"feature_18(0.226), feature_7_slope_WINDOW_1(0.050), feature_1_setpoint(0.046), feature_5_lag1_autocorr_WINDOW_1(0.045), feature_12(0.040)","feature_18(0.889), feature_5_resid_std_WINDOW_2(0.124), feature_5_lag1_autocorr_WINDOW_3(0.086), feature_7_slope_WINDOW_1(0.079), feature_6_lag1_autocorr_WINDOW_1(0.040)"
RUN_044,2025-05-15,0.4494693066191111,"feature_18(0.334), feature_1_setpoint(0.061), feature_12(0.044), feature_5_lag1_autocorr_WINDOW_1(0.033), feature_6_lag1_autocorr_WINDOW_1(0.032)","feature_18(1.191), feature_1_setpoint(0.074), feature_5_lag1_autocorr_WINDOW_1(0.059), feature_4_mean_resid_std_WINDOW_1(0.040), feature_12(0.030)"
RUN_045,2025-05-18,0.4335140254734896,"feature_18(0.318), feature_1_setpoint(0.064), feature_8_mean_WINDOW_3(0.046), feature_5_resid_std_WINDOW_2(0.034), feature_1_block_median_WINDOW_2(0.028)","feature_18(0.585), feature_5_resid_std_WINDOW_2(0.058), feature_3_slope_WINDOW_1(0.047), feature_5_lag1_autocorr_WINDOW_1(0.027), feature_12(0.022)"
RUN_046,2025-05-21,0.4358386422871501,"feature_18(0.348), feature_5_lag1_autocorr_WINDOW_1(0.044), feature_1_setpoint(0.043), feature_5_resid_std_WINDOW_2(0.041), feature_12(0.033)","feature_18(0.666), feature_12(0.086), feature_3_slope_WINDOW_1(0.086), feature_5_lag1_autocorr_WINDOW_1(0.079), feature_5_resid_std_WINDOW_2(0.077)"
RUN_047,2025-05-24,0.41608480127429237,"feature_18(0.274), feature_12(0.152), feature_5_lag1_autocorr_WINDOW_1(0.053), feature_1_setpoint(0.039), feature_8_mean_WINDOW_2(0.029)","feature_12(0.222), feature_3_slope_WINDOW_1(0.083), feature_5_lag1_autocorr_WINDOW_1(0.061), feature_18(0.054), feature_9_resid_std_WINDOW_2(0.026)"
RUN_048,2025-05-27,0.3041664360106592,"feature_18(0.254), feature_12(0.145), feature_1_setpoint(0.043), feature_5_lag1_autocorr_WINDOW_1(0.039), feature_1_block_median_WINDOW_3(0.034)","feature_12(0.522), feature_5_lag1_autocorr_WINDOW_1(0.106), feature_5_resid_std_WINDOW_1(0.096), feature_1_block_slope_WINDOW_2(0.056), feature_9_resid_std_WINDOW_3(0.055)"
RUN_049,2025-05-30,0.254308094000507,"feature_18(0.248), feature_12(0.164), feature_1_setpoint(0.061), feature_5_lag1_autocorr_WINDOW_1(0.037), feature_5_resid_std_WINDOW_1(0.024)","feature_12(0.859), feature_3_slope_WINDOW_1(0.186), feature_9_resid_std_WINDOW_3(0.164), feature_5_resid_std_WINDOW_1(0.152), feature_9_slope_WINDOW_2(0.097)"
RUN_050,2025-06-02,0.5388084248494469,"feature_12(0.378), feature_18(0.103), feature_3_dominant_freq_WINDOW_2(0.027), feature_9_lag1_autocorr_WINDOW_1(0.026), feature_5_resid_std_WINDOW_1(0.022)","feature_12(0.678), feature_4_mean_lag1_autocorr_WINDOW_3(0.471), feature_9_lag1_autocorr_WINDOW_1(0.214), feature_5_resid_std_WINDOW_1(0.013), feature_6_resid_std_WINDOW_3(0.010)"
RUN_051,2025-06-05,0.3708778437056335,"feature_12(0.258), feature_18(0.053), feature_5_median_WINDOW_2(0.035), feature_3_dominant_freq_WINDOW_2(0.035), feature_1_setpoint(0.031)","feature_12(1.214), feature_3_resid_std_WINDOW_3(0.077), feature_1_block_lag1_autocorr_WINDOW_1(0.060), feature_9_lag1_autocorr_WINDOW_1(0.055), feature_18(0.032)"
RUN_052,2025-06-08,0.24267882458964385,"feature_12(0.325), feature_5_slope_WINDOW_3(0.035), feature_9_resid_std_WINDOW_3(0.034), feature_18(0.027), feature_3_resid_std_WINDOW_3(0.022)","feature_12(1.835), feature_9_resid_std_WINDOW_3(0.095), feature_3_resid_std_WINDOW_3(0.043), feature_5_dominant_freq_WINDOW_2(0.042), feature_5_slope_WINDOW_3(0.027)"
RUN_053,2025-06-11,0.3242731444058171,"feature_12(0.384), feature_9_resid_std_WINDOW_3(0.066), feature_3_resid_std_WINDOW_3(0.046), feature_6_slope_WINDOW_1(0.042), feature_5_slope_WINDOW_3(0.039)","feature_12(0.861), feature_9_resid_std_WINDOW_3(0.079), feature_3_resid_std_WINDOW_3(0.047), feature_5_slope_WINDOW_3(0.036), feature_16(0.019)"
RUN_054,2025-06-14,0.40102816521656937,"feature_12(0.432), feature_9_resid_std_WINDOW_3(0.067), feature_10_ext_metric_lag1_autocorr_WINDOW_1(0.038), feature_3_resid_std_WINDOW_3(0.027), feature_18(0.026)","feature_12(1.477), feature_9_resid_std_WINDOW_3(0.064), feature_1_block_resid_std_WINDOW_1(0.013), feature_18(0.011), feature_1_block_lag1_autocorr_WINDOW_3(0.008)"
RUN_062,2025-07-08,0.2021424661280108,"feature_4_mean_slope_WINDOW_2(0.167), feature_1_block_resid_std_WINDOW_1(0.117), feature_10_ext_metric_slope_WINDOW_1(0.047), feature_7_lag1_autocorr_WINDOW_2(0.044), feature_6_slope_WINDOW_1(0.040)","feature_4_mean_slope_WINDOW_2(0.243), feature_1_block_resid_std_WINDOW_1(0.149), feature_7_lag1_autocorr_WINDOW_2(0.082), feature_6_slope_WINDOW_1(0.056), feature_7_lag1_autocorr_WINDOW_1(0.046)"
RUN_093,2025-10-09,0.5611006410667057,"feature_12(0.568), feature_1_block_slope_WINDOW_3(0.026), feature_3_resid_std_WINDOW_1(0.018), feature_9_lag1_autocorr_WINDOW_1(0.017), feature_10_ext_metric_slope_WINDOW_2(0.016)","feature_12(1.229), feature_1_block_slope_WINDOW_3(0.053), feature_3_dominant_freq_WINDOW_2(0.014), feature_5_slope_WINDOW_1(0.012), feature_10_ext_metric_slope_WINDOW_2(0.012)"
RUN_094,2025-10-12,0.36462301819226406,"feature_12(0.482), feature_9_lag1_autocorr_WINDOW_1(0.053), feature_3_resid_std_WINDOW_1(0.024), feature_10_ext_metric_slope_WINDOW_3(0.022), feature_10_ext_metric_slope_WINDOW_2(0.021)","feature_12(1.020), feature_9_slope_WINDOW_1(0.071), feature_1_block_slope_WINDOW_3(0.025), feature_4_mean_lag1_autocorr_WINDOW_2(0.024), feature_7_lag1_autocorr_WINDOW_1(0.019)"
RUN_095,2025-10-15,0.30365763939493207,"feature_12(0.436), feature_3_resid_std_WINDOW_1(0.053), feature_9_lag1_autocorr_WINDOW_1(0.052), feature_1_block_lag1_autocorr_WINDOW_1(0.022), feature_3_slope_WINDOW_2(0.022)","feature_12(0.924), feature_9_slope_WINDOW_1(0.147), feature_9_lag1_autocorr_WINDOW_1(0.037), unit_label(0.035), feature_3_resid_std_WINDOW_1(0.031)"
RUN_096,2025-10-18,0.4363364558926528,"feature_12(0.490), feature_9_lag1_autocorr_WINDOW_1(0.053), feature_3_resid_std_WINDOW_1(0.039), feature_3_slope_WINDOW_2(0.032), feature_3_slope_WINDOW_3(0.016)","feature_12(1.045), feature_18(0.050), unit_label(0.047), feature_9_lag1_autocorr_WINDOW_1(0.037), feature_3_slope_WINDOW_3(0.025)"
RUN_097,2025-10-21,0.5145637745610473,"feature_12(0.568), feature_4_mean_slope_WINDOW_3(0.044), feature_3_slope_WINDOW_2(0.027), feature_3_slope_WINDOW_3(0.020), feature_9_lag1_autocorr_WINDOW_1(0.018)","feature_12(1.247), feature_9_median_WINDOW_2(0.058), feature_4_mean_slope_WINDOW_3(0.022), feature_3_slope_WINDOW_2(0.011), feature_3_lag1_autocorr_WINDOW_1(0.008)"
RUN_098,2025-10-24,0.16847281933846425,"feature_12(0.399), feature_3_slope_WINDOW_2(0.081), feature_9_lag1_autocorr_WINDOW_2(0.031), feature_10_ext_metric_lag1_autocorr_WINDOW_1(0.029), feature_3_slope_WINDOW_3(0.021)","feature_12(1.118), feature_3_slope_WINDOW_2(0.141), feature_3_lag1_autocorr_WINDOW_1(0.037), feature_9_lag1_autocorr_WINDOW_2(0.027), feature_10_ext_metric_lag1_autocorr_WINDOW_1(0.023)"
RUN_099,2025-10-27,0.1244446477974116,"feature_12(0.347), feature_3_slope_WINDOW_2(0.111), feature_5_dominant_freq_WINDOW_1(0.030), feature_18(0.022), feature_10_ext_metric_slope_WINDOW_2(0.021)","feature_12(0.984), feature_7_lag1_autocorr_WINDOW_1(0.046), feature_3_slope_WINDOW_2(0.036), feature_5_dominant_freq_WINDOW_1(0.036), feature_9_lag1_autocorr_WINDOW_2(0.014)"
RUN_100,2025-10-30,0.3289864062736908,"feature_12(0.400), feature_3_slope_WINDOW_2(0.175), feature_5_dominant_freq_WINDOW_1(0.055), feature_6_slope_WINDOW_3(0.021), feature_1_block_median_WINDOW_1(0.018)","feature_12(0.763), feature_3_slope_WINDOW_2(0.103), feature_5_dominant_freq_WINDOW_1(0.055), feature_1_block_median_WINDOW_1(0.029), feature_4_mean_lag1_autocorr_WINDOW_3(0.012)"
RUN_101,2025-11-02,0.3315155722732904,"feature_12(0.418), feature_3_slope_WINDOW_2(0.127), feature_1_block_median_WINDOW_1(0.045), feature_4_mean_lag1_autocorr_WINDOW_3(0.043), feature_5_dominant_freq_WINDOW_1(0.034)","feature_12(0.360), feature_3_slope_WINDOW_2(0.105), feature_7_lag1_autocorr_WINDOW_1(0.038), feature_5_dominant_freq_WINDOW_1(0.030), feature_4_mean_lag1_autocorr_WINDOW_3(0.026)"
RUN_102,2025-11-05,0.3195156872817547,"feature_12(0.383), feature_3_slope_WINDOW_2(0.161), feature_4_mean_lag1_autocorr_WINDOW_3(0.044), feature_1_block_median_WINDOW_1(0.037), feature_5_dominant_freq_WINDOW_1(0.022)","feature_12(0.802), feature_3_slope_WINDOW_2(0.237), feature_5_dominant_freq_WINDOW_1(0.033), feature_1_block_median_WINDOW_1(0.029), feature_4_mean_lag1_autocorr_WINDOW_3(0.025)"
RUN_103,2025-11-08,0.25166686791151605,"feature_12(0.374), feature_3_slope_WINDOW_2(0.136), feature_4_mean_lag1_autocorr_WINDOW_3(0.043), feature_6_slope_WINDOW_3(0.033), feature_1_block_median_WINDOW_1(0.027)","feature_12(0.665), feature_3_slope_WINDOW_2(0.200), feature_4_mean_lag1_autocorr_WINDOW_3(0.035), feature_3_median_WINDOW_3(0.030), feature_7_lag1_autocorr_WINDOW_1(0.026)"
RUN_105,2025-11-14,0.13179965152059936,"feature_12(0.208), feature_3_median_WINDOW_3(0.074), feature_3_slope_WINDOW_2(0.061), feature_3_median_WINDOW_2(0.046), feature_10_ext_metric_lag1_autocorr_WINDOW_2(0.039)","feature_12(0.341), feature_1_block_median_WINDOW_1(0.051), feature_3_slope_WINDOW_2(0.044), feature_1_block_median_WINDOW_3(0.019), feature_10_ext_metric_lag1_autocorr_WINDOW_2(0.017)"
RUN_106,2025-11-17,0.14604614836870222,"feature_12(0.130), feature_4_mean_resid_std_WINDOW_2(0.063), feature_3_median_WINDOW_3(0.055), feature_9_lag1_autocorr_WINDOW_3(0.053), feature_19(0.051)","feature_12(0.752), feature_1_block_median_WINDOW_1(0.167), feature_10_ext_metric_lag1_autocorr_WINDOW_2(0.097), feature_3_slope_WINDOW_2(0.086), feature_3_median_WINDOW_3(0.064)"
RUN_107,2025-11-20,0.16213575129980318,"feature_12(0.281), feature_3_slope_WINDOW_2(0.054), feature_4_mean_resid_std_WINDOW_2(0.041), feature_4_mean_lag1_autocorr_WINDOW_3(0.040), feature_6_lag1_autocorr_WINDOW_1(0.032)","feature_12(0.781), feature_1_block_resid_std_WINDOW_2(0.134), feature_3_slope_WINDOW_2(0.114), feature_7_lag1_autocorr_WINDOW_1(0.056), feature_1_block_median_WINDOW_3(0.052)"
RUN_109,2025-11-26,0.3614879679569869,"feature_12(0.327), feature_6_lag1_autocorr_WINDOW_1(0.085), feature_4_mean_lag1_autocorr_WINDOW_3(0.077), feature_1_block_median_WINDOW_3(0.027), feature_5_slope_WINDOW_1(0.027)","feature_12(0.338), feature_18(0.068), feature_9_slope_WINDOW_3(0.030), feature_4_mean_lag1_autocorr_WINDOW_2(0.017), feature_19(0.016)"
RUN_110,2025-11-29,0.19457050114317653,"feature_12(0.293), feature_6_lag1_autocorr_WINDOW_1(0.100), feature_1_block_median_WINDOW_3(0.032), feature_9_lag1_autocorr_WINDOW_1(0.029), feature_4_mean_lag1_autocorr_WINDOW_3(0.029)","feature_12(0.807), feature_6_lag1_autocorr_WINDOW_1(0.100), feature_9_slope_WINDOW_3(0.048), feature_9_lag1_autocorr_WINDOW_1(0.041), feature_19(0.026)"
RUN_111,2025-12-02,0.18591103063884606,"feature_12(0.252), feature_6_lag1_autocorr_WINDOW_1(0.080), feature_9_lag1_autocorr_WINDOW_1(0.035), feature_1_block_median_WINDOW_1(0.032), feature_3_slope_WINDOW_2(0.030)","feature_12(0.716), feature_6_lag1_autocorr_WINDOW_1(0.111), feature_9_lag1_autocorr_WINDOW_1(0.074), feature_1_block_median_WINDOW_3(0.045), feature_1_block_median_WINDOW_2(0.031)"
RUN_112,2025-12-05,0.18738889060940844,"feature_12(0.177), feature_1_block_median_WINDOW_2(0.059), feature_1_block_median_WINDOW_1(0.056), feature_9_slope_WINDOW_3(0.047), feature_19(0.044)","feature_1_block_median_WINDOW_3(0.221), feature_1_block_median_WINDOW_1(0.184), feature_1_block_median_WINDOW_2(0.137), feature_9_slope_WINDOW_3(0.110), feature_4_mean_lag1_autocorr_WINDOW_2(0.046)"
RUN_113,2025-12-08,0.12913030916338808,"feature_12(0.183), feature_1_block_median_WINDOW_1(0.071), feature_1_block_median_WINDOW_2(0.068), feature_9_slope_WINDOW_3(0.062), feature_6_slope_WINDOW_1(0.029)","feature_1_block_median_WINDOW_1(0.170), feature_9_slope_WINDOW_3(0.118), feature_1_block_median_WINDOW_2(0.107), feature_1_block_median_WINDOW_3(0.105), feature_6_slope_WINDOW_2(0.034)"
RUN_114,2025-12-11,0.23542882302668644,"feature_12(0.269), feature_9_slope_WINDOW_3(0.048), feature_3_dominant_freq_WINDOW_3(0.047), feature_1_block_median_WINDOW_2(0.041), feature_3_resid_std_WINDOW_3(0.037)","feature_12(0.343), feature_9_slope_WINDOW_3(0.068), feature_3_dominant_freq_WINDOW_3(0.041), feature_3_resid_std_WINDOW_3(0.025), feature_1_block_median_WINDOW_3(0.021)"
RUN_119,2025-12-26,0.10194879120140754,"feature_12(0.143), feature_3_resid_std_WINDOW_3(0.093), feature_5_lag1_autocorr_WINDOW_2(0.048), feature_3_dominant_freq_WINDOW_3(0.043), feature_9_slope_WINDOW_3(0.038)","feature_12(0.558), feature_3_resid_std_WINDOW_3(0.186), feature_4_mean_resid_std_WINDOW_1(0.143), feature_6_resid_std_WINDOW_3(0.103), feature_3_dominant_freq_WINDOW_3(0.084)"
RUN_120,2025-12-29,0.19557574680038825,"feature_3_resid_std_WINDOW_3(0.153), feature_12(0.129), feature_6_resid_std_WINDOW_3(0.065), feature_9_slope_WINDOW_2(0.051), feature_15(0.049)","feature_3_resid_std_WINDOW_3(1.322), feature_15(0.057), feature_5_lag1_autocorr_WINDOW_2(0.050), feature_4_mean_lag1_autocorr_WINDOW_2(0.020), feature_4_mean_resid_std_WINDOW_1(0.006)"
